{
  "type": "FeatureCollection",
  "features": [
    {
      "type": "Feature",
      "geometry": {
        "type": "LineString",
        "coordinates": [
          [
            94.7892873,
            27.8693413
          ],
          [
            94.7894306,
            27.8689313
          ],
          [
            94.7893648,
            27.868692
          ],
          [
            94.7893497,
            27.8684665
          ],
          [
            94.7893499,
            27.8682183
          ],
          [
            94.7893654,
            27.8679792
          ],
          [
            94.7893909,
            27.8677897
          ],
          [
            94.7894063,
            27.8676363
          ],
          [
            94.7894064,
            27.8674468
          ],
          [
            94.7893569,
            27.8672559
          ],
          [
            94.7892278,
            27.8669909
          ],
          [
            94.7890403,
            27.8665396
          ],
          [
            94.7888593,
            27.8660522
          ],
          [
            94.788763,
            27.8657634
          ],
          [
            94.7887379,
            27.8654295
          ],
          [
            94.7887685,
            27.865175
          ],
          [
            94.788789,
            27.8650054
          ],
          [
            94.7888552,
            27.8647167
          ],
          [
            94.7889519,
            27.8644821
          ],
          [
            94.7890992,
            27.8642927
          ],
          [
            94.7894041,
            27.8640537
          ],
          [
            94.7896987,
            27.8639096
          ],
          [
            94.7900085,
            27.8637924
          ],
          [
            94.7902066,
            27.863743
          ],
          [
            94.7905569,
            27.8636845
          ],
          [
            94.7909275,
            27.8636396
          ],
          [
            94.791222,
            27.8636263
          ],
          [
            94.7914911,
            27.863649
          ],
          [
            94.7916383,
            27.8636626
          ],
          [
            94.7918515,
            27.8636853
          ],
          [
            94.7920952,
            27.8637171
          ],
          [
            94.792415,
            27.8637399
          ],
          [
            94.7926486,
            27.8637129
          ],
          [
            94.7929329,
            27.8637131
          ],
          [
            94.7931055,
            27.8636906
          ],
          [
            94.7933594,
            27.8636773
          ],
          [
            94.7936742,
            27.8636549
          ],
          [
            94.7938925,
            27.863628
          ],
          [
            94.7942784,
            27.8636192
          ],
          [
            94.794786,
            27.8636421
          ],
          [
            94.7953901,
            27.8636921
          ],
          [
            94.7957506,
            27.8636923
          ],
          [
            94.7961517,
            27.8637015
          ],
          [
            94.7964258,
            27.8637152
          ],
          [
            94.7966848,
            27.8637424
          ],
          [
            94.7971365,
            27.8637968
          ],
          [
            94.7975072,
            27.8638196
          ],
          [
            94.7978422,
            27.8638199
          ],
          [
            94.7980228,
            27.8638098
          ],
          [
            94.7982434,
            27.8637975
          ],
          [
            94.7986597,
            27.8637752
          ],
          [
            94.7989084,
            27.8638115
          ],
          [
            94.7992231,
            27.8638838
          ],
          [
            94.7996597,
            27.8639427
          ],
          [
            94.799939,
            27.8639158
          ],
          [
            94.8002334,
            27.8638573
          ],
          [
            94.8005941,
            27.8637492
          ],
          [
            94.8009139,
            27.8636411
          ],
          [
            94.8012643,
            27.863524
          ],
          [
            94.8015437,
            27.863452
          ],
          [
            94.8018229,
            27.8633935
          ],
          [
            94.802092,
            27.8633711
          ],
          [
            94.8023814,
            27.8633803
          ],
          [
            94.8025378,
            27.8633791
          ],
          [
            94.8028563,
            27.8633964
          ],
          [
            94.8031356,
            27.8634101
          ],
          [
            94.8033003,
            27.8634169
          ],
          [
            94.8034882,
            27.8633809
          ],
          [
            94.8038879,
            27.8633562
          ],
          [
            94.8042404,
            27.8632557
          ],
          [
            94.8045443,
            27.8632306
          ],
          [
            94.804844,
            27.86322
          ],
          [
            94.8051586,
            27.8632509
          ],
          [
            94.8056408,
            27.8633594
          ],
          [
            94.8059606,
            27.8633732
          ],
          [
            94.8062836,
            27.8634043
          ],
          [
            94.8064619,
            27.8634044
          ],
          [
            94.8067211,
            27.8633901
          ],
          [
            94.8072046,
            27.863243
          ],
          [
            94.8074585,
            27.8631935
          ],
          [
            94.8076412,
            27.8631801
          ],
          [
            94.8078393,
            27.8632072
          ],
          [
            94.8081997,
            27.8633021
          ],
          [
            94.8085193,
            27.8634692
          ],
          [
            94.8088543,
            27.8637176
          ],
          [
            94.8091073,
            27.8639538
          ],
          [
            94.8094084,
            27.8642988
          ],
          [
            94.8096659,
            27.8647513
          ],
          [
            94.8096715,
            27.8647578
          ],
          [
            94.8098737,
            27.864994
          ],
          [
            94.8103202,
            27.865159
          ],
          [
            94.8105136,
            27.8651848
          ],
          [
            94.8107611,
            27.8652383
          ],
          [
            94.8110281,
            27.8653089
          ],
          [
            94.811407,
            27.8655011
          ],
          [
            94.8118028,
            27.8656547
          ],
          [
            94.8122698,
            27.865867
          ],
          [
            94.8126707,
            27.8660928
          ],
          [
            94.8130413,
            27.8663456
          ],
          [
            94.8131934,
            27.8664811
          ],
          [
            94.8135225,
            27.8668328
          ],
          [
            94.8136374,
            27.8669099
          ],
          [
            94.8137821,
            27.8669686
          ],
          [
            94.8139598,
            27.8670545
          ],
          [
            94.8142237,
            27.8671268
          ],
          [
            94.814511,
            27.8671369
          ],
          [
            94.8146227,
            27.8671503
          ],
          [
            94.8148178,
            27.8672058
          ],
          [
            94.8152185,
            27.8676055
          ],
          [
            94.8156449,
            27.8678404
          ],
          [
            94.8158986,
            27.8679849
          ],
          [
            94.8161169,
            27.8681294
          ],
          [
            94.8164215,
            27.8683641
          ],
          [
            94.8167005,
            27.8686485
          ],
          [
            94.8169136,
            27.8689013
          ],
          [
            94.8171013,
            27.8691676
          ],
          [
            94.817284,
            27.8694654
          ],
          [
            94.8174209,
            27.869682
          ],
          [
            94.8175375,
            27.8699889
          ],
          [
            94.8176643,
            27.8702416
          ],
          [
            94.8177402,
            27.8705981
          ],
          [
            94.8177654,
            27.8709275
          ],
          [
            94.8177906,
            27.8712614
          ],
          [
            94.8178057,
            27.8716179
          ],
          [
            94.8178969,
            27.8719157
          ],
          [
            94.818044,
            27.8722496
          ],
          [
            94.8182823,
            27.8726197
          ],
          [
            94.8184854,
            27.872868
          ],
          [
            94.8186833,
            27.8730937
          ],
          [
            94.8188558,
            27.8732156
          ],
          [
            94.8190436,
            27.8733104
          ],
          [
            94.8192061,
            27.8733691
          ],
          [
            94.8194193,
            27.8734144
          ],
          [
            94.8197645,
            27.8735228
          ],
          [
            94.820125,
            27.8736402
          ],
          [
            94.8204346,
            27.8737352
          ],
          [
            94.8208103,
            27.8738345
          ],
          [
            94.8211403,
            27.8739656
          ],
          [
            94.8215412,
            27.8741913
          ],
          [
            94.8218356,
            27.8743809
          ],
          [
            94.8221046,
            27.8746066
          ],
          [
            94.8222924,
            27.8748323
          ],
          [
            94.8223989,
            27.8750715
          ],
          [
            94.8224647,
            27.8753423
          ],
          [
            94.8224899,
            27.8756626
          ],
          [
            94.8224898,
            27.8759468
          ],
          [
            94.8224745,
            27.8761499
          ],
          [
            94.8223931,
            27.8764431
          ],
          [
            94.8223117,
            27.8767409
          ],
          [
            94.8222709,
            27.8770477
          ],
          [
            94.8222606,
            27.877359
          ],
          [
            94.8222462,
            27.8775414
          ],
          [
            94.82223,
            27.8777471
          ],
          [
            94.8222044,
            27.8779862
          ],
          [
            94.8220976,
            27.8784148
          ],
          [
            94.8220686,
            27.8786518
          ],
          [
            94.8220568,
            27.8787486
          ],
          [
            94.8219753,
            27.8792585
          ],
          [
            94.8219904,
            27.8795653
          ],
          [
            94.822041,
            27.8797684
          ],
          [
            94.8221373,
            27.8799488
          ],
          [
            94.82231,
            27.8801339
          ],
          [
            94.8226297,
            27.8804183
          ],
          [
            94.8230155,
            27.8806667
          ],
          [
            94.8235078,
            27.8810142
          ],
          [
            94.8238429,
            27.8812265
          ],
          [
            94.8241524,
            27.8814657
          ],
          [
            94.824457,
            27.8816553
          ],
          [
            94.8247363,
            27.8818089
          ],
          [
            94.8250713,
            27.8820617
          ],
          [
            94.8255382,
            27.8824634
          ],
          [
            94.8258326,
            27.8827749
          ],
          [
            94.826396,
            27.8832985
          ],
          [
            94.8265279,
            27.8834519
          ],
          [
            94.8267157,
            27.8836551
          ],
          [
            94.8270507,
            27.8840206
          ],
          [
            94.8271573,
            27.8841335
          ],
          [
            94.8274212,
            27.8842464
          ],
          [
            94.8275471,
            27.8842774
          ],
          [
            94.8276904,
            27.884287
          ],
          [
            94.8280763,
            27.8843504
          ],
          [
            94.8283555,
            27.8843731
          ],
          [
            94.8287821,
            27.8844093
          ],
          [
            94.8291579,
            27.8844681
          ],
          [
            94.8294929,
            27.884563
          ],
          [
            94.8299447,
            27.8847075
          ],
          [
            94.8303205,
            27.8849197
          ],
          [
            94.8307621,
            27.8852177
          ],
          [
            94.8311632,
            27.8854569
          ],
          [
            94.8313197,
            27.8855611
          ],
          [
            94.8315237,
            27.8856691
          ],
          [
            94.8318942,
            27.8858407
          ],
          [
            94.8322547,
            27.8860077
          ],
          [
            94.8326659,
            27.8862561
          ],
          [
            94.8329756,
            27.8864592
          ],
          [
            94.8332801,
            27.886721
          ],
          [
            94.8335086,
            27.8869692
          ],
          [
            94.8336964,
            27.8871949
          ],
          [
            94.8338182,
            27.8873979
          ],
          [
            94.8338943,
            27.8875424
          ],
          [
            94.8339602,
            27.887777
          ],
          [
            94.8340516,
            27.8879395
          ],
          [
            94.834148,
            27.8880388
          ],
          [
            94.8343206,
            27.8882013
          ],
          [
            94.8344627,
            27.8883322
          ],
          [
            94.8346556,
            27.8885398
          ],
          [
            94.8348535,
            27.888788
          ],
          [
            94.8353611,
            27.8893432
          ],
          [
            94.8356809,
            27.8896771
          ],
          [
            94.836016,
            27.8899299
          ],
          [
            94.8363104,
            27.8902143
          ],
          [
            94.836549,
            27.8904264
          ],
          [
            94.836884,
            27.8907739
          ],
          [
            94.8371683,
            27.8910808
          ],
          [
            94.8374728,
            27.8913787
          ],
          [
            94.8377825,
            27.8915908
          ],
          [
            94.8379451,
            27.8916947
          ],
          [
            94.8382979,
            27.8918382
          ],
          [
            94.8384883,
            27.8919069
          ],
          [
            94.8387828,
            27.8920017
          ],
          [
            94.8393058,
            27.8921417
          ],
          [
            94.8397832,
            27.8923134
          ],
          [
            94.8402756,
            27.892503
          ],
          [
            94.8410119,
            27.892801
          ],
          [
            94.8417584,
            27.8930855
          ],
          [
            94.8423626,
            27.8933022
          ],
          [
            94.8428805,
            27.8936001
          ],
          [
            94.8432917,
            27.8938755
          ],
          [
            94.8435456,
            27.8941508
          ],
          [
            94.8437436,
            27.894435
          ],
          [
            94.8438501,
            27.8947419
          ],
          [
            94.8439059,
            27.8952066
          ],
          [
            94.8439615,
            27.8956353
          ],
          [
            94.8441189,
            27.8959422
          ],
          [
            94.8443219,
            27.8961453
          ],
          [
            94.8445707,
            27.8963348
          ],
          [
            94.8450937,
            27.8966643
          ],
          [
            94.8456522,
            27.8969577
          ],
          [
            94.8459616,
            27.8971095
          ],
          [
            94.8464647,
            27.8973054
          ],
          [
            94.8468608,
            27.8974769
          ],
          [
            94.8472214,
            27.8976439
          ],
          [
            94.8477647,
            27.8978561
          ],
          [
            94.8480991,
            27.8979009
          ],
          [
            94.8486077,
            27.8979871
          ],
          [
            94.8490749,
            27.8980053
          ],
          [
            94.8496133,
            27.8979919
          ],
          [
            94.8498722,
            27.8980145
          ],
          [
            94.8501922,
            27.8980597
          ],
          [
            94.8505268,
            27.8981584
          ],
          [
            94.8507457,
            27.8981997
          ],
          [
            94.8509844,
            27.8982719
          ],
          [
            94.851345,
            27.8983802
          ],
          [
            94.8517055,
            27.8984976
          ],
          [
            94.8519848,
            27.8986286
          ],
          [
            94.8524875,
            27.898931
          ],
          [
            94.8531172,
            27.8992289
          ],
          [
            94.853432,
            27.8993552
          ],
          [
            94.853884,
            27.8995539
          ],
          [
            94.8542293,
            27.8996532
          ],
          [
            94.8545136,
            27.8996984
          ],
          [
            94.8547523,
            27.899712
          ],
          [
            94.854925,
            27.899712
          ],
          [
            94.8552551,
            27.899712
          ],
          [
            94.8555904,
            27.8997436
          ],
          [
            94.8558493,
            27.8997753
          ],
          [
            94.8561794,
            27.8998385
          ],
          [
            94.8565603,
            27.8999018
          ],
          [
            94.8568041,
            27.8999243
          ],
          [
            94.8570327,
            27.8999244
          ],
          [
            94.8574593,
            27.8999019
          ],
          [
            94.8579011,
            27.8999064
          ],
          [
            94.8583125,
            27.8998795
          ],
          [
            94.8585004,
            27.8998885
          ],
          [
            94.8587696,
            27.8999382
          ],
          [
            94.8590083,
            27.9000104
          ],
          [
            94.8592114,
            27.9000646
          ],
          [
            94.8594093,
            27.9000941
          ],
          [
            94.8597649,
            27.9001143
          ],
          [
            94.8601764,
            27.9000603
          ],
          [
            94.8605776,
            27.9000332
          ],
          [
            94.8609889,
            27.9000333
          ],
          [
            94.8612218,
            27.9000193
          ],
          [
            94.8613241,
            27.9000423
          ],
          [
            94.861578,
            27.9000784
          ],
          [
            94.8618624,
            27.9001372
          ],
          [
            94.8622484,
            27.900259
          ],
          [
            94.8625938,
            27.9003763
          ],
          [
            94.8629949,
            27.9005208
          ],
          [
            94.8633707,
            27.9006742
          ],
          [
            94.8637465,
            27.9008142
          ],
          [
            94.8640106,
            27.9009225
          ],
          [
            94.8642797,
            27.9010533
          ],
          [
            94.8646809,
            27.9012203
          ],
          [
            94.8652548,
            27.9014235
          ],
          [
            94.8655493,
            27.9015182
          ],
          [
            94.8658429,
            27.9015507
          ],
          [
            94.8659912,
            27.9015633
          ],
          [
            94.8660877,
            27.9015589
          ],
          [
            94.8663721,
            27.9014822
          ],
          [
            94.8665092,
            27.9014235
          ],
          [
            94.866748,
            27.9012927
          ],
          [
            94.8669766,
            27.9011483
          ],
          [
            94.8671899,
            27.9009815
          ],
          [
            94.8674997,
            27.9008506
          ],
          [
            94.8676368,
            27.900837
          ],
          [
            94.8678959,
            27.9008281
          ],
          [
            94.8682564,
            27.9008416
          ],
          [
            94.868391,
            27.9008536
          ],
          [
            94.8685104,
            27.9008642
          ],
          [
            94.8687694,
            27.9009229
          ],
          [
            94.8690182,
            27.9010989
          ],
          [
            94.8693941,
            27.901302
          ],
          [
            94.8697038,
            27.9014464
          ],
          [
            94.8698866,
            27.9014825
          ],
          [
            94.8702213,
            27.9014748
          ],
          [
            94.8703946,
            27.9014328
          ],
          [
            94.870552,
            27.9013742
          ],
          [
            94.8707145,
            27.9013155
          ],
          [
            94.8708872,
            27.9012208
          ],
          [
            94.8712884,
            27.9009231
          ],
          [
            94.8718369,
            27.9005892
          ],
          [
            94.8723042,
            27.9004087
          ],
          [
            94.87268,
            27.9002914
          ],
          [
            94.8729187,
            27.9002554
          ],
          [
            94.8733606,
            27.9002915
          ],
          [
            94.8739237,
            27.9003904
          ],
          [
            94.8739533,
            27.900392
          ],
          [
            94.874097,
            27.9003998
          ],
          [
            94.874422,
            27.9003727
          ],
          [
            94.8749298,
            27.9003502
          ],
          [
            94.8752955,
            27.9003637
          ],
          [
            94.8758034,
            27.9004811
          ],
          [
            94.8763773,
            27.9006255
          ],
          [
            94.876936,
            27.90086
          ],
          [
            94.877327,
            27.9010541
          ],
          [
            94.8778196,
            27.9013745
          ],
          [
            94.8781649,
            27.9017038
          ],
          [
            94.8785408,
            27.9020964
          ],
          [
            94.8788455,
            27.9023536
          ],
          [
            94.8793889,
            27.9027822
          ],
          [
            94.8797242,
            27.9031026
          ],
          [
            94.8799781,
            27.9034229
          ],
          [
            94.8800848,
            27.9036621
          ],
          [
            94.8802321,
            27.9041268
          ],
          [
            94.8803794,
            27.904411
          ],
          [
            94.8805673,
            27.904614
          ],
          [
            94.8808213,
            27.904781
          ],
          [
            94.8811268,
            27.9049542
          ],
          [
            94.8815272,
            27.9051013
          ],
          [
            94.8819183,
            27.9052683
          ],
          [
            94.8821976,
            27.9053269
          ],
          [
            94.8826598,
            27.9054036
          ],
          [
            94.883315,
            27.9054983
          ],
          [
            94.8838534,
            27.9055841
          ],
          [
            94.88428,
            27.9057239
          ],
          [
            94.8846254,
            27.9059044
          ],
          [
            94.8849606,
            27.9061074
          ],
          [
            94.8851892,
            27.9064142
          ],
          [
            94.8853873,
            27.9067932
          ],
          [
            94.8855092,
            27.9070098
          ],
          [
            94.8855498,
            27.9072218
          ],
          [
            94.8855905,
            27.9074024
          ],
          [
            94.8856566,
            27.907831
          ],
          [
            94.8857074,
            27.9080791
          ],
          [
            94.8858851,
            27.9084581
          ],
          [
            94.8860324,
            27.9086747
          ],
          [
            94.8862152,
            27.9088686
          ],
          [
            94.8865759,
            27.9091439
          ],
          [
            94.8867028,
            27.9092189
          ],
          [
            94.8868604,
            27.9092973
          ],
          [
            94.8873784,
            27.9095454
          ],
          [
            94.8880408,
            27.9098379
          ],
          [
            94.8884531,
            27.910098
          ],
          [
            94.8889985,
            27.9105356
          ],
          [
            94.8895304,
            27.9109613
          ],
          [
            94.8899294,
            27.9112333
          ],
          [
            94.8904083,
            27.9115407
          ],
          [
            94.8908205,
            27.9118718
          ],
          [
            94.8910866,
            27.9121912
          ],
          [
            94.8914324,
            27.9125223
          ],
          [
            94.8917649,
            27.9128297
          ],
          [
            94.8922437,
            27.913149
          ],
          [
            94.8925364,
            27.9133027
          ],
          [
            94.8927491,
            27.9133855
          ],
          [
            94.8930285,
            27.9134328
          ],
          [
            94.8932903,
            27.913508
          ],
          [
            94.8936495,
            27.9137091
          ],
          [
            94.8940219,
            27.9139693
          ],
          [
            94.8943543,
            27.9143122
          ],
          [
            94.8947667,
            27.914797
          ],
          [
            94.8949928,
            27.9151282
          ],
          [
            94.8953521,
            27.9156839
          ],
          [
            94.8955915,
            27.9161452
          ],
          [
            94.8956847,
            27.9163935
          ],
          [
            94.895698,
            27.9167009
          ],
          [
            94.8956715,
            27.916973
          ],
          [
            94.8955917,
            27.9171977
          ],
          [
            94.8953922,
            27.9174698
          ],
          [
            94.8949552,
            27.9178687
          ],
          [
            94.8945163,
            27.9182235
          ],
          [
            94.8939046,
            27.9185784
          ],
          [
            94.8932927,
            27.9188386
          ],
          [
            94.892987,
            27.9190161
          ],
          [
            94.8928805,
            27.9191935
          ],
          [
            94.8928805,
            27.9193354
          ],
          [
            94.892947,
            27.9195365
          ],
          [
            94.8930801,
            27.9196902
          ],
          [
            94.8932796,
            27.9198321
          ],
          [
            94.8935589,
            27.9199739
          ],
          [
            94.893785,
            27.920033
          ],
          [
            94.8941575,
            27.9200567
          ],
          [
            94.8944627,
            27.9200315
          ],
          [
            94.8949415,
            27.9199842
          ],
          [
            94.8955134,
            27.9199014
          ],
          [
            94.8961651,
            27.9198185
          ],
          [
            94.8967237,
            27.9197474
          ],
          [
            94.8972026,
            27.9197474
          ],
          [
            94.8975617,
            27.919771
          ],
          [
            94.8977213,
            27.919842
          ],
          [
            94.8978542,
            27.9199365
          ],
          [
            94.8979873,
            27.9201494
          ],
          [
            94.8980671,
            27.9203741
          ],
          [
            94.8981203,
            27.9205988
          ],
          [
            94.8981338,
            27.9209299
          ],
          [
            94.8981205,
            27.9211902
          ],
          [
            94.898094,
            27.9213794
          ],
          [
            94.8980408,
            27.9217105
          ],
          [
            94.8980142,
            27.9219825
          ],
          [
            94.8980345,
            27.9222025
          ],
          [
            94.8981277,
            27.9223916
          ],
          [
            94.898274,
            27.9225217
          ],
          [
            94.8984203,
            27.9226045
          ],
          [
            94.8986598,
            27.9226282
          ],
          [
            94.8989257,
            27.9226044
          ],
          [
            94.8992184,
            27.9225453
          ],
          [
            94.8995642,
            27.9223915
          ],
          [
            94.8998834,
            27.9222377
          ],
          [
            94.900176,
            27.9221312
          ],
          [
            94.9004685,
            27.9221311
          ],
          [
            94.9007213,
            27.9221784
          ],
          [
            94.9009874,
            27.9223676
          ],
          [
            94.9013731,
            27.9227342
          ],
          [
            94.9016569,
            27.9228384
          ],
          [
            94.9017988,
            27.9228524
          ],
          [
            94.9020382,
            27.9227932
          ],
          [
            94.9023307,
            27.9226275
          ],
          [
            94.9025169,
            27.9224029
          ],
          [
            94.9028094,
            27.9217996
          ],
          [
            94.9029639,
            27.9214416
          ],
          [
            94.9033026,
            27.9208952
          ],
          [
            94.903431,
            27.920688
          ],
          [
            94.9037205,
            27.9206384
          ],
          [
            94.9040304,
            27.9206654
          ],
          [
            94.9042386,
            27.920724
          ],
          [
            94.9044774,
            27.9208278
          ],
          [
            94.9050617,
            27.9210397
          ],
          [
            94.9054477,
            27.921184
          ],
          [
            94.9057169,
            27.921184
          ],
          [
            94.9060979,
            27.9210531
          ],
          [
            94.9064838,
            27.9208138
          ],
          [
            94.9069308,
            27.9203806
          ],
          [
            94.9073574,
            27.920015
          ],
          [
            94.9077027,
            27.9198932
          ],
          [
            94.9079567,
            27.9198705
          ],
          [
            94.9081802,
            27.9199066
          ],
          [
            94.9085511,
            27.9200599
          ],
          [
            94.9089931,
            27.9202584
          ],
          [
            94.909496,
            27.9204748
          ],
          [
            94.9099227,
            27.9205333
          ],
          [
            94.9101615,
            27.9205198
          ],
          [
            94.9103595,
            27.9204611
          ],
          [
            94.9105068,
            27.9202264
          ],
          [
            94.9106488,
            27.9196489
          ],
          [
            94.9107808,
            27.9191976
          ],
          [
            94.9110194,
            27.918796
          ],
          [
            94.9114155,
            27.9184936
          ],
          [
            94.911705,
            27.9182815
          ],
          [
            94.912091,
            27.9181279
          ],
          [
            94.9124262,
            27.9180648
          ],
          [
            94.9127005,
            27.9181007
          ],
          [
            94.9130206,
            27.918218
          ],
          [
            94.9133914,
            27.9183487
          ],
          [
            94.9138181,
            27.9183622
          ],
          [
            94.9142702,
            27.9184072
          ],
          [
            94.9146308,
            27.918407
          ],
          [
            94.9149051,
            27.9182671
          ],
          [
            94.915225,
            27.9180415
          ],
          [
            94.9155653,
            27.9178518
          ],
          [
            94.9159106,
            27.9175675
          ],
          [
            94.9160832,
            27.9173915
          ],
          [
            94.9162305,
            27.9171072
          ],
          [
            94.9163777,
            27.9170394
          ],
          [
            94.9167333,
            27.9170258
          ],
          [
            94.9170025,
            27.9170393
          ],
          [
            94.9173885,
            27.9170708
          ],
          [
            94.9178,
            27.9171204
          ],
          [
            94.9184197,
            27.9172239
          ],
          [
            94.9194255,
            27.9173184
          ],
          [
            94.9200757,
            27.9173769
          ],
          [
            94.9205431,
            27.9174128
          ],
          [
            94.9210764,
            27.9174713
          ],
          [
            94.9215132,
            27.9173899
          ],
          [
            94.9219651,
            27.9171191
          ],
          [
            94.9222699,
            27.9168347
          ],
          [
            94.9225135,
            27.9164466
          ],
          [
            94.9227927,
            27.9159728
          ],
          [
            94.923082,
            27.9154312
          ],
          [
            94.9232443,
            27.9149484
          ],
          [
            94.9233356,
            27.9144521
          ],
          [
            94.9233607,
            27.9140144
          ],
          [
            94.9233352,
            27.9135407
          ],
          [
            94.9234011,
            27.913306
          ],
          [
            94.923523,
            27.9131661
          ],
          [
            94.9236703,
            27.91313
          ],
          [
            94.9238531,
            27.9131525
          ],
          [
            94.9242239,
            27.9133644
          ],
          [
            94.9246355,
            27.9136937
          ],
          [
            94.9248432,
            27.9139459
          ],
          [
            94.9250431,
            27.9140886
          ],
          [
            94.9252504,
            27.9142619
          ],
          [
            94.9254078,
            27.914298
          ],
          [
            94.9255805,
            27.9142032
          ],
          [
            94.9257786,
            27.9141445
          ],
          [
            94.9261138,
            27.914203
          ],
          [
            94.9263119,
            27.9143202
          ],
          [
            94.926561,
            27.9146631
          ],
          [
            94.9266424,
            27.9148976
          ],
          [
            94.9266679,
            27.9150736
          ],
          [
            94.9265359,
            27.9154075
          ],
          [
            94.9263634,
            27.9158542
          ],
          [
            94.9261807,
            27.9162108
          ],
          [
            94.9261504,
            27.9163642
          ],
          [
            94.926191,
            27.916504
          ],
          [
            94.9263232,
            27.916671
          ],
          [
            94.9264024,
            27.9167062
          ],
          [
            94.9265112,
            27.9167611
          ],
          [
            94.9267092,
            27.9167385
          ],
          [
            94.9268159,
            27.9167024
          ],
          [
            94.9269378,
            27.9166347
          ],
          [
            94.9270139,
            27.9165038
          ],
          [
            94.9271764,
            27.9163864
          ],
          [
            94.9273338,
            27.9164089
          ],
          [
            94.9276642,
            27.9166569
          ],
          [
            94.9279182,
            27.916878
          ],
          [
            94.9283298,
            27.9171981
          ],
          [
            94.9287364,
            27.9176763
          ],
          [
            94.9291226,
            27.9180191
          ],
          [
            94.929524,
            27.9184069
          ],
          [
            94.9300779,
            27.9188083
          ],
          [
            94.9303472,
            27.9190473
          ],
          [
            94.9304388,
            27.9192638
          ],
          [
            94.9304388,
            27.9194534
          ],
          [
            94.9303831,
            27.9197015
          ],
          [
            94.9302918,
            27.9199272
          ],
          [
            94.930175,
            27.9200896
          ],
          [
            94.9300125,
            27.9202071
          ],
          [
            94.9297738,
            27.920338
          ],
          [
            94.9294285,
            27.9205501
          ],
          [
            94.9293371,
            27.9206945
          ],
          [
            94.9293372,
            27.9208345
          ],
          [
            94.9294846,
            27.9210238
          ],
          [
            94.9296421,
            27.9211186
          ],
          [
            94.9297894,
            27.9211411
          ],
          [
            94.9300942,
            27.9210823
          ],
          [
            94.9303075,
            27.9210235
          ],
          [
            94.9304649,
            27.9209152
          ],
          [
            94.9308661,
            27.9207752
          ],
          [
            94.931369,
            27.9206216
          ],
          [
            94.9316585,
            27.9205628
          ],
          [
            94.9319277,
            27.9205717
          ],
          [
            94.9322072,
            27.9206573
          ],
          [
            94.9324306,
            27.9207385
          ],
          [
            94.9328575,
            27.9209504
          ],
          [
            94.9332691,
            27.92123
          ],
          [
            94.9337467,
            27.9216584
          ],
          [
            94.9341737,
            27.9220824
          ],
          [
            94.9345701,
            27.9225876
          ],
          [
            94.9348651,
            27.9231063
          ],
          [
            94.9350888,
            27.9236161
          ],
          [
            94.9352617,
            27.9240401
          ],
          [
            94.9353787,
            27.9242342
          ],
          [
            94.9355516,
            27.9244958
          ],
          [
            94.9356676,
            27.924631
          ],
          [
            94.9359125,
            27.9249648
          ],
          [
            94.9362428,
            27.9253437
          ],
          [
            94.936431,
            27.9256009
          ],
          [
            94.9366698,
            27.9258173
          ],
          [
            94.9370002,
            27.926133
          ],
          [
            94.9374372,
            27.9265479
          ],
          [
            94.9377828,
            27.9267823
          ],
          [
            94.9385146,
            27.9272964
          ],
          [
            94.9389915,
            27.9276477
          ],
          [
            94.9391244,
            27.9277429
          ],
          [
            94.9396174,
            27.9281126
          ],
          [
            94.9399732,
            27.9284418
          ],
          [
            94.9401867,
            27.9286538
          ],
          [
            94.9404003,
            27.9290192
          ],
          [
            94.9406239,
            27.9293394
          ],
          [
            94.9408375,
            27.9297274
          ],
          [
            94.9409597,
            27.9302101
          ],
          [
            94.941026,
            27.9306252
          ],
          [
            94.941011,
            27.9311079
          ],
          [
            94.9410367,
            27.9315682
          ],
          [
            94.9410522,
            27.9320419
          ],
          [
            94.9410117,
            27.9323352
          ],
          [
            94.9409459,
            27.9327413
          ],
          [
            94.9407075,
            27.9334768
          ],
          [
            94.9404996,
            27.934041
          ],
          [
            94.9402714,
            27.9347133
          ],
          [
            94.9401903,
            27.9351059
          ],
          [
            94.9402464,
            27.9354217
          ],
          [
            94.940404,
            27.9356743
          ],
          [
            94.940709,
            27.9359494
          ],
          [
            94.9409784,
            27.9363148
          ],
          [
            94.9410955,
            27.936599
          ],
          [
            94.9410703,
            27.9368787
          ],
          [
            94.9409636,
            27.9370592
          ],
          [
            94.9408316,
            27.9371766
          ],
          [
            94.9406081,
            27.9372443
          ],
          [
            94.9404354,
            27.9373663
          ],
          [
            94.9404033,
            27.9376514
          ],
          [
            94.9404001,
            27.9376803
          ],
          [
            94.9405678,
            27.9378716
          ],
          [
            94.9407812,
            27.9379527
          ],
          [
            94.9409895,
            27.9379435
          ],
          [
            94.9411927,
            27.9377991
          ],
          [
            94.9414161,
            27.9377178
          ],
          [
            94.9416397,
            27.9377312
          ],
          [
            94.9418278,
            27.9378575
          ],
          [
            94.9419092,
            27.9380785
          ],
          [
            94.9418941,
            27.9383267
          ],
          [
            94.9418282,
            27.9386335
          ],
          [
            94.9416405,
            27.9391074
          ],
          [
            94.941524,
            27.93973
          ],
          [
            94.9414584,
            27.9403708
          ],
          [
            94.9414282,
            27.9409213
          ],
          [
            94.9414389,
            27.9412204
          ],
          [
            94.9414285,
            27.9414446
          ],
          [
            94.9415355,
            27.9418867
          ],
          [
            94.9416016,
            27.9421801
          ],
          [
            94.9417493,
            27.9426086
          ],
          [
            94.9418409,
            27.9430778
          ],
          [
            94.9418666,
            27.9434206
          ],
          [
            94.9418161,
            27.9439757
          ],
          [
            94.9418163,
            27.9443773
          ],
          [
            94.9418571,
            27.9446253
          ],
          [
            94.9419639,
            27.944851
          ],
          [
            94.9422029,
            27.9452072
          ],
          [
            94.9423606,
            27.9455726
          ],
          [
            94.9424015,
            27.9459381
          ],
          [
            94.9423864,
            27.9461276
          ],
          [
            94.9422611,
            27.9463978
          ],
          [
            94.9422392,
            27.9464796
          ],
          [
            94.9421378,
            27.9468586
          ],
          [
            94.942138,
            27.9472151
          ],
          [
            94.9422043,
            27.9477159
          ],
          [
            94.9422046,
            27.9480227
          ],
          [
            94.9421235,
            27.9484604
          ],
          [
            94.9420424,
            27.9489342
          ],
          [
            94.9419615,
            27.9494035
          ],
          [
            94.9419363,
            27.9497013
          ],
          [
            94.94205,
            27.9503037
          ],
          [
            94.942084,
            27.9504547
          ],
          [
            94.9421654,
            27.9505855
          ],
          [
            94.9422569,
            27.9506442
          ],
          [
            94.9424297,
            27.9506666
          ],
          [
            94.9429479,
            27.9506799
          ],
          [
            94.943385,
            27.9507609
          ],
          [
            94.9436645,
            27.9508555
          ],
          [
            94.9438627,
            27.951045
          ],
          [
            94.9440865,
            27.95132
          ],
          [
            94.9443102,
            27.9515907
          ],
          [
            94.9446711,
            27.9518297
          ],
          [
            94.9448693,
            27.9519243
          ],
          [
            94.9451336,
            27.9519918
          ],
          [
            94.9454132,
            27.9521226
          ],
          [
            94.9457994,
            27.9523931
          ],
          [
            94.9460129,
            27.9525689
          ],
          [
            94.9462521,
            27.9529614
          ],
          [
            94.946425,
            27.9533042
          ],
          [
            94.9465726,
            27.9537282
          ],
          [
            94.9466795,
            27.9539538
          ],
          [
            94.9468626,
            27.9542334
          ],
          [
            94.9470507,
            27.9545356
          ],
          [
            94.9473407,
            27.9550093
          ],
          [
            94.9475289,
            27.9554468
          ],
          [
            94.9476206,
            27.9557761
          ],
          [
            94.9477124,
            27.9561912
          ],
          [
            94.9477786,
            27.9565206
          ],
          [
            94.9478856,
            27.9569897
          ],
          [
            94.9480486,
            27.9575221
          ],
          [
            94.9480996,
            27.9578063
          ],
          [
            94.9481557,
            27.9581356
          ],
          [
            94.9482371,
            27.9584718
          ],
          [
            94.9482846,
            27.9587314
          ],
          [
            94.9482883,
            27.9589748
          ],
          [
            94.9483088,
            27.9593357
          ],
          [
            94.9483754,
            27.9599628
          ],
          [
            94.9484722,
            27.9604456
          ],
          [
            94.948508,
            27.9608245
          ],
          [
            94.9485094,
            27.9609038
          ],
          [
            94.9485235,
            27.9611765
          ],
          [
            94.9486151,
            27.9614472
          ],
          [
            94.9486966,
            27.9616546
          ],
          [
            94.948763,
            27.962187
          ],
          [
            94.9488294,
            27.9626337
          ],
          [
            94.9488956,
            27.9629405
          ],
          [
            94.9489516,
            27.9632021
          ],
          [
            94.9489366,
            27.9634729
          ],
          [
            94.9489268,
            27.9640098
          ],
          [
            94.9489676,
            27.9643076
          ],
          [
            94.9490338,
            27.9645421
          ],
          [
            94.9490489,
            27.9646991
          ],
          [
            94.9490508,
            27.9647786
          ],
          [
            94.9490192,
            27.9654852
          ],
          [
            94.9490041,
            27.9657829
          ],
          [
            94.9490552,
            27.9661574
          ],
          [
            94.9491366,
            27.9664416
          ],
          [
            94.9493353,
            27.966983
          ],
          [
            94.9494677,
            27.9674566
          ],
          [
            94.9495085,
            27.9677274
          ],
          [
            94.9495087,
            27.9679981
          ],
          [
            94.949458,
            27.9682824
          ],
          [
            94.9493769,
            27.9686433
          ],
          [
            94.9492861,
            27.9695547
          ],
          [
            94.9492458,
            27.9701413
          ],
          [
            94.9492637,
            27.9702914
          ],
          [
            94.9493376,
            27.9707323
          ],
          [
            94.949464,
            27.9712195
          ],
          [
            94.9495007,
            27.9713414
          ],
          [
            94.9495822,
            27.9716752
          ],
          [
            94.9496739,
            27.9720497
          ],
          [
            94.9497808,
            27.9722978
          ],
          [
            94.9499385,
            27.9725098
          ],
          [
            94.9500961,
            27.9726315
          ],
          [
            94.9502351,
            27.9727565
          ],
          [
            94.9504724,
            27.972911
          ],
          [
            94.9508944,
            27.9731861
          ],
          [
            94.95123,
            27.9734295
          ],
          [
            94.9514943,
            27.9734925
          ]
        ]
      },
      "properties": {
        "id": "1549878",
        "risk": "Low",
        "status": "Open",
        "type": "road"
      }
    },
    {
      "type": "Feature",
      "geometry": {
        "type": "LineString",
        "coordinates": [
          [
            94.7783422,
            27.8897687
          ],
          [
            94.7790158,
            27.8901483
          ],
          [
            94.7793072,
            27.8903203
          ],
          [
            94.7794527,
            27.8904389
          ],
          [
            94.7795908,
            27.8905445
          ],
          [
            94.7799098,
            27.8908732
          ],
          [
            94.7803103,
            27.8911374
          ],
          [
            94.780499,
            27.8913151
          ],
          [
            94.7806944,
            27.8915579
          ],
          [
            94.7810025,
            27.8918502
          ],
          [
            94.7813668,
            27.8920187
          ],
          [
            94.7814914,
            27.8920761
          ],
          [
            94.7816373,
            27.8921426
          ],
          [
            94.7818127,
            27.8921897
          ],
          [
            94.7819217,
            27.8922885
          ],
          [
            94.7825003,
            27.8930236
          ],
          [
            94.7829281,
            27.8934707
          ],
          [
            94.7832749,
            27.8937705
          ],
          [
            94.7835667,
            27.8939034
          ],
          [
            94.7837272,
            27.893983
          ],
          [
            94.7839607,
            27.8940829
          ],
          [
            94.7841947,
            27.8941435
          ],
          [
            94.7844068,
            27.894204
          ],
          [
            94.7845678,
            27.8942314
          ],
          [
            94.7847291,
            27.8942328
          ],
          [
            94.785112,
            27.8942173
          ],
          [
            94.7854626,
            27.894213
          ],
          [
            94.7856313,
            27.8942144
          ],
          [
            94.7859173,
            27.8942169
          ],
          [
            94.786458,
            27.8943953
          ],
          [
            94.7866914,
            27.8945039
          ],
          [
            94.7869469,
            27.8946104
          ],
          [
            94.7871656,
            27.8947296
          ],
          [
            94.7874422,
            27.894921
          ],
          [
            94.7880753,
            27.8953698
          ],
          [
            94.7886974,
            27.8957172
          ],
          [
            94.7888872,
            27.895797
          ],
          [
            94.7890626,
            27.8958572
          ],
          [
            94.7893478,
            27.8959248
          ],
          [
            94.7896843,
            27.896006
          ],
          [
            94.7900279,
            27.8960937
          ],
          [
            94.7904154,
            27.8962013
          ],
          [
            94.7906792,
            27.8962296
          ],
          [
            94.7909724,
            27.8962321
          ],
          [
            94.7912866,
            27.8962611
          ],
          [
            94.7914191,
            27.896288
          ],
          [
            94.7916084,
            27.8964135
          ],
          [
            94.7917389,
            27.8965581
          ],
          [
            94.7919059,
            27.896716
          ],
          [
            94.7920588,
            27.8968151
          ],
          [
            94.7921902,
            27.8968749
          ],
          [
            94.7923875,
            27.8969353
          ],
          [
            94.7928113,
            27.8970758
          ],
          [
            94.7932373,
            27.8971812
          ],
          [
            94.7934411,
            27.8973263
          ],
          [
            94.793616,
            27.8974321
          ],
          [
            94.7938196,
            27.8975839
          ],
          [
            94.7940016,
            27.8977093
          ],
          [
            94.7941984,
            27.8978217
          ],
          [
            94.7943588,
            27.8979144
          ],
          [
            94.7947387,
            27.898048
          ],
          [
            94.7949146,
            27.8980495
          ],
          [
            94.7950393,
            27.8980506
          ],
          [
            94.7952147,
            27.8981042
          ],
          [
            94.7953748,
            27.8982164
          ],
          [
            94.7955714,
            27.8983484
          ],
          [
            94.7958046,
            27.8984809
          ],
          [
            94.7965046,
            27.8988584
          ],
          [
            94.7973106,
            27.8991419
          ],
          [
            94.7974786,
            27.8992085
          ],
          [
            94.7977124,
            27.8992822
          ],
          [
            94.7979905,
            27.8993432
          ],
          [
            94.7981881,
            27.8993775
          ],
          [
            94.7984006,
            27.8993858
          ],
          [
            94.7986466,
            27.8993889
          ],
          [
            94.7991042,
            27.8994308
          ],
          [
            94.7993237,
            27.8994784
          ],
          [
            94.7996168,
            27.8995816
          ],
          [
            94.7999369,
            27.8997247
          ],
          [
            94.8001192,
            27.8998241
          ],
          [
            94.8007018,
            27.9002137
          ],
          [
            94.8008393,
            27.9003844
          ],
          [
            94.8013531,
            27.9010211
          ],
          [
            94.801786,
            27.9013916
          ],
          [
            94.8023467,
            27.9017614
          ],
          [
            94.8026093,
            27.9019006
          ],
          [
            94.802806,
            27.9020131
          ],
          [
            94.8031826,
            27.902176
          ],
          [
            94.8033097,
            27.902239
          ],
          [
            94.8034698,
            27.9023512
          ],
          [
            94.8035932,
            27.9024761
          ],
          [
            94.8038394,
            27.9027651
          ],
          [
            94.8043994,
            27.9032066
          ],
          [
            94.804742,
            27.9033986
          ],
          [
            94.8050045,
            27.9035312
          ],
          [
            94.8051869,
            27.903624
          ],
          [
            94.8053405,
            27.9036644
          ],
          [
            94.8055818,
            27.9037316
          ],
          [
            94.8060596,
            27.9038951
          ],
          [
            94.8061931,
            27.9039371
          ],
          [
            94.8067146,
            27.9042563
          ],
          [
            94.8080322,
            27.9051109
          ],
          [
            94.8089624,
            27.905633
          ],
          [
            94.8101422,
            27.9064565
          ],
          [
            94.8106803,
            27.9068783
          ],
          [
            94.8110595,
            27.9070901
          ],
          [
            94.8112858,
            27.9071898
          ],
          [
            94.8114688,
            27.9072239
          ],
          [
            94.8121939,
            27.9073082
          ],
          [
            94.8125972,
            27.9073181
          ],
          [
            94.8129485,
            27.9073129
          ],
          [
            94.8132428,
            27.9072909
          ],
          [
            94.8139247,
            27.9073031
          ],
          [
            94.8142258,
            27.9073819
          ],
          [
            94.8143712,
            27.9075069
          ],
          [
            94.8144216,
            27.9075922
          ],
          [
            94.8145155,
            27.9077299
          ],
          [
            94.8146591,
            27.908031
          ],
          [
            94.8147531,
            27.9081556
          ],
          [
            94.8148694,
            27.9082544
          ],
          [
            94.8150292,
            27.9083927
          ],
          [
            94.8157168,
            27.9087367
          ],
          [
            94.8169305,
            27.909017
          ],
          [
            94.8174588,
            27.9091151
          ],
          [
            94.8185405,
            27.9092658
          ],
          [
            94.8195335,
            27.9093272
          ],
          [
            94.8202065,
            27.9094244
          ],
          [
            94.8219074,
            27.9105081
          ],
          [
            94.8226843,
            27.9108558
          ],
          [
            94.8238876,
            27.9117
          ],
          [
            94.8248574,
            27.9124945
          ],
          [
            94.8260563,
            27.9128573
          ],
          [
            94.8262894,
            27.9129229
          ],
          [
            94.8265966,
            27.9130037
          ],
          [
            94.8269111,
            27.913091
          ],
          [
            94.8272621,
            27.9131852
          ],
          [
            94.8279124,
            27.9134253
          ],
          [
            94.828438,
            27.9136578
          ],
          [
            94.8287432,
            27.913815
          ],
          [
            94.8290277,
            27.9140734
          ],
          [
            94.8292616,
            27.9143442
          ],
          [
            94.8296101,
            27.9146797
          ],
          [
            94.8297781,
            27.9147397
          ],
          [
            94.8298949,
            27.9147993
          ],
          [
            94.8300706,
            27.9148268
          ],
          [
            94.8302465,
            27.9148414
          ],
          [
            94.8306059,
            27.9148378
          ],
          [
            94.8309768,
            27.9149107
          ],
          [
            94.8315291,
            27.9149236
          ],
          [
            94.8316678,
            27.9149835
          ],
          [
            94.8317842,
            27.9150822
          ],
          [
            94.8319298,
            27.9151877
          ],
          [
            94.832315,
            27.9155234
          ],
          [
            94.832541,
            27.9156557
          ],
          [
            94.8326869,
            27.9157351
          ],
          [
            94.8332779,
            27.9160269
          ],
          [
            94.8347414,
            27.916611
          ],
          [
            94.8358228,
            27.917011
          ],
          [
            94.8361441,
            27.9171375
          ],
          [
            94.8364366,
            27.9172247
          ],
          [
            94.8370724,
            27.9174516
          ],
          [
            94.837387,
            27.9175193
          ],
          [
            94.8377163,
            27.9175937
          ],
          [
            94.8379285,
            27.9176411
          ],
          [
            94.8381846,
            27.9176954
          ],
          [
            94.8386828,
            27.9177581
          ],
          [
            94.8395559,
            27.9178542
          ],
          [
            94.8397603,
            27.9179406
          ],
          [
            94.8399937,
            27.9180664
          ],
          [
            94.8401906,
            27.9181789
          ],
          [
            94.8405044,
            27.9183379
          ],
          [
            94.840767,
            27.9184705
          ],
          [
            94.8409714,
            27.9185634
          ],
          [
            94.8412051,
            27.9186566
          ],
          [
            94.842096,
            27.919042
          ],
          [
            94.8431608,
            27.9193017
          ],
          [
            94.8434608,
            27.9193694
          ],
          [
            94.8438269,
            27.919431
          ],
          [
            94.8440905,
            27.9194723
          ],
          [
            94.8447134,
            27.919523
          ],
          [
            94.8451874,
            27.9195713
          ]
        ]
      },
      "properties": {
        "id": "1538519",
        "risk": "Low",
        "status": "Open",
        "type": "road"
      }
    },
    {
      "type": "Feature",
      "geometry": {
        "type": "LineString",
        "coordinates": [
          [
            95.0068087,
            27.7799659
          ],
          [
            95.0059463,
            27.7802698
          ],
          [
            95.0055554,
            27.7802261
          ],
          [
            95.0053439,
            27.7794928
          ],
          [
            95.0049793,
            27.7790488
          ],
          [
            95.0042066,
            27.779039
          ],
          [
            95.003554,
            27.7785076
          ],
          [
            95.0030781,
            27.7779612
          ],
          [
            95.0016622,
            27.7775661
          ],
          [
            95.0,
            27.7768077
          ],
          [
            94.9999087,
            27.7767392
          ],
          [
            94.9995355,
            27.7764448
          ],
          [
            94.9990039,
            27.775834
          ],
          [
            94.9983392,
            27.7752959
          ],
          [
            94.997408,
            27.7749761
          ],
          [
            94.9964382,
            27.7742652
          ],
          [
            94.9960258,
            27.7739628
          ],
          [
            94.9957537,
            27.7738099
          ],
          [
            94.9953792,
            27.7737269
          ],
          [
            94.9948173,
            27.7735964
          ],
          [
            94.9944027,
            27.7735729
          ],
          [
            94.9938678,
            27.7735257
          ],
          [
            94.9934265,
            27.7735619
          ],
          [
            94.9930654,
            27.773574
          ],
          [
            94.9928648,
            27.7735742
          ],
          [
            94.9925974,
            27.7735982
          ],
          [
            94.9921026,
            27.773682
          ],
          [
            94.991755,
            27.7737299
          ],
          [
            94.9915946,
            27.7737657
          ],
          [
            94.9914207,
            27.7737659
          ],
          [
            94.9911666,
            27.7737065
          ],
          [
            94.9908857,
            27.773683
          ],
          [
            94.9904845,
            27.7736833
          ],
          [
            94.9900582,
            27.7736079
          ],
          [
            94.9895365,
            27.7735012
          ],
          [
            94.9892155,
            27.7734419
          ],
          [
            94.9888812,
            27.7734303
          ],
          [
            94.9884934,
            27.7734306
          ],
          [
            94.9880387,
            27.7735023
          ],
          [
            94.987651,
            27.7736574
          ],
          [
            94.9872501,
            27.7739196
          ],
          [
            94.9868091,
            27.7741819
          ],
          [
            94.9861009,
            27.7748134
          ],
          [
            94.9856599,
            27.7752423
          ],
          [
            94.9850729,
            27.7757662
          ],
          [
            94.984712,
            27.7760403
          ],
          [
            94.9844848,
            27.7761952
          ],
          [
            94.9843513,
            27.7763144
          ],
          [
            94.9841908,
            27.7764097
          ],
          [
            94.9839636,
            27.7764694
          ],
          [
            94.9837229,
            27.7764934
          ],
          [
            94.9834955,
            27.7765293
          ]
        ]
      },
      "properties": {
        "id": "1582410",
        "risk": "Low",
        "status": "Open",
        "type": "road"
      }
    },
    {
      "type": "Feature",
      "geometry": {
        "type": "LineString",
        "coordinates": [
          [
            95.0068087,
            27.7799659
          ],
          [
            95.0066428,
            27.7801337
          ],
          [
            95.0063448,
            27.780557
          ],
          [
            95.006106,
            27.7811923
          ],
          [
            95.0063434,
            27.7818014
          ],
          [
            95.0064621,
            27.7820928
          ],
          [
            95.0063725,
            27.7824103
          ],
          [
            95.0061044,
            27.7826749
          ],
          [
            95.0058958,
            27.78286
          ],
          [
            95.0057468,
            27.7830453
          ],
          [
            95.0056869,
            27.7833364
          ],
          [
            95.005597,
            27.7839188
          ],
          [
            95.0053583,
            27.7844747
          ],
          [
            95.0050901,
            27.7847922
          ],
          [
            95.0049112,
            27.7851096
          ],
          [
            95.0046134,
            27.7852417
          ],
          [
            95.0044051,
            27.7852681
          ],
          [
            95.0040182,
            27.7852677
          ],
          [
            95.0037207,
            27.7851351
          ],
          [
            95.0023521,
            27.7848425
          ],
          [
            95.0010138,
            27.7839941
          ],
          [
            95.0008354,
            27.7839145
          ],
          [
            95.0006866,
            27.7839144
          ],
          [
            95.0003292,
            27.7841259
          ],
          [
            95.0001505,
            27.7842316
          ],
          [
            95.0001504,
            27.7843905
          ],
          [
            95.0002096,
            27.7846023
          ],
          [
            95.0003579,
            27.7850261
          ],
          [
            95.000536,
            27.7854498
          ],
          [
            95.000506,
            27.7856087
          ],
          [
            95.0002677,
            27.7858468
          ],
          [
            95.0,
            27.7858464
          ],
          [
            94.9999105,
            27.7858464
          ],
          [
            94.9996427,
            27.7857667
          ],
          [
            94.9993155,
            27.785687
          ],
          [
            94.9991371,
            27.7855016
          ],
          [
            94.9991079,
            27.7851043
          ],
          [
            94.9991679,
            27.7847337
          ],
          [
            94.9992574,
            27.784469
          ],
          [
            94.9994065,
            27.784178
          ],
          [
            94.9994663,
            27.7839662
          ],
          [
            94.9994069,
            27.7838602
          ],
          [
            94.9993179,
            27.7837278
          ],
          [
            94.9991691,
            27.7836747
          ],
          [
            94.9989013,
            27.783595
          ],
          [
            94.9986037,
            27.7835682
          ],
          [
            94.9983061,
            27.7836209
          ],
          [
            94.9980678,
            27.7837531
          ],
          [
            94.9977401,
            27.784044
          ],
          [
            94.9973826,
            27.7843878
          ],
          [
            94.9972632,
            27.7847054
          ],
          [
            94.9974408,
            27.7854734
          ],
          [
            94.9974405,
            27.7857117
          ],
          [
            94.9972319,
            27.7859762
          ],
          [
            94.9969935,
            27.7861878
          ],
          [
            94.9966541,
            27.7862431
          ],
          [
            94.9964369,
            27.7863464
          ],
          [
            94.9958584,
            27.786799
          ],
          [
            94.995479,
            27.787396
          ],
          [
            94.9953138,
            27.7877743
          ],
          [
            94.9950653,
            27.788168
          ],
          [
            94.9945962,
            27.7884536
          ],
          [
            94.994142,
            27.7887632
          ],
          [
            94.9932868,
            27.7890019
          ],
          [
            94.9925383,
            27.7891215
          ],
          [
            94.9920571,
            27.7891695
          ],
          [
            94.9917094,
            27.7890508
          ],
          [
            94.9913616,
            27.7888131
          ],
          [
            94.9910139,
            27.7886468
          ],
          [
            94.9907999,
            27.7885281
          ],
          [
            94.9905058,
            27.7885045
          ],
          [
            94.9903455,
            27.7886474
          ],
          [
            94.9901319,
            27.7888855
          ],
          [
            94.9900255,
            27.7894329
          ],
          [
            94.9902131,
            27.7899086
          ],
          [
            94.990267,
            27.7902893
          ],
          [
            94.9901337,
            27.7907652
          ],
          [
            94.9898937,
            27.7913602
          ],
          [
            94.989734,
            27.7920028
          ],
          [
            94.9896279,
            27.7923826
          ],
          [
            94.989628,
            27.7926205
          ],
          [
            94.9897352,
            27.7927631
          ],
          [
            94.9899492,
            27.792882
          ],
          [
            94.9901096,
            27.7928581
          ],
          [
            94.99035,
            27.7926913
          ],
          [
            94.9905639,
            27.7926674
          ],
          [
            94.9907511,
            27.7927386
          ],
          [
            94.9909117,
            27.7928812
          ],
          [
            94.9909387,
            27.7931667
          ],
          [
            94.9908323,
            27.7936427
          ],
          [
            94.9907791,
            27.7939996
          ],
          [
            94.9905925,
            27.7944518
          ],
          [
            94.9902989,
            27.7949755
          ],
          [
            94.9895794,
            27.7954488
          ],
          [
            94.9890715,
            27.7955444
          ],
          [
            94.9887506,
            27.7954971
          ],
          [
            94.9884832,
            27.7954973
          ],
          [
            94.988323,
            27.795664
          ],
          [
            94.988136,
            27.795902
          ],
          [
            94.9879224,
            27.7961164
          ],
          [
            94.9877352,
            27.7961165
          ],
          [
            94.9874944,
            27.7960215
          ],
          [
            94.9873605,
            27.7957837
          ],
          [
            94.9871462,
            27.7953318
          ],
          [
            94.9868785,
            27.7948799
          ],
          [
            94.9864502,
            27.7945233
          ],
          [
            94.9861292,
            27.7942856
          ],
          [
            94.9857549,
            27.7942145
          ],
          [
            94.9855409,
            27.7942385
          ],
          [
            94.9852201,
            27.7942625
          ],
          [
            94.9850062,
            27.7942389
          ],
          [
            94.9847386,
            27.7940488
          ],
          [
            94.9844173,
            27.7935493
          ],
          [
            94.9839889,
            27.7928835
          ],
          [
            94.9833736,
            27.7924318
          ],
          [
            94.9830526,
            27.7922893
          ],
          [
            94.9825445,
            27.7921707
          ],
          [
            94.9822504,
            27.7921709
          ],
          [
            94.9820097,
            27.7920283
          ],
          [
            94.9816082,
            27.7916003
          ],
          [
            94.981394,
            27.7912674
          ],
          [
            94.9810997,
            27.7909821
          ],
          [
            94.9808323,
            27.790911
          ],
          [
            94.9806985,
            27.7909348
          ],
          [
            94.980565,
            27.7910301
          ],
          [
            94.9803512,
            27.7911492
          ],
          [
            94.9801373,
            27.7911494
          ],
          [
            94.9798165,
            27.7911735
          ],
          [
            94.9795758,
            27.7910785
          ],
          [
            94.9792283,
            27.7911262
          ],
          [
            94.9791482,
            27.7912691
          ],
          [
            94.979068,
            27.7913643
          ],
          [
            94.9789345,
            27.791412
          ],
          [
            94.9786671,
            27.7913646
          ],
          [
            94.9783727,
            27.7911507
          ],
          [
            94.9776829,
            27.7912397
          ],
          [
            94.9772554,
            27.7916207
          ],
          [
            94.976668,
            27.7924539
          ],
          [
            94.9764547,
            27.7931441
          ],
          [
            94.976455,
            27.7934534
          ],
          [
            94.9765892,
            27.7940244
          ],
          [
            94.9769908,
            27.7947141
          ],
          [
            94.9772319,
            27.7951659
          ],
          [
            94.9773391,
            27.7954514
          ],
          [
            94.9773126,
            27.7956893
          ],
          [
            94.9772326,
            27.7959512
          ]
        ]
      },
      "properties": {
        "id": "1550256",
        "risk": "Low",
        "status": "Open",
        "type": "road"
      }
    },
    {
      "type": "Feature",
      "geometry": {
        "type": "LineString",
        "coordinates": [
          [
            94.9293997,
            27.7510519
          ],
          [
            94.9315558,
            27.7512804
          ],
          [
            94.9341172,
            27.7516177
          ],
          [
            94.9365163,
            27.7519551
          ],
          [
            94.9370227,
            27.7520461
          ],
          [
            94.9371913,
            27.7521101
          ],
          [
            94.9377286,
            27.7521532
          ],
          [
            94.940951,
            27.752662
          ],
          [
            94.9413958,
            27.7527201
          ],
          [
            94.942264,
            27.7528768
          ],
          [
            94.942875,
            27.7529668
          ],
          [
            94.9435546,
            27.7530579
          ],
          [
            94.9443529,
            27.753161
          ],
          [
            94.9457451,
            27.7533193
          ],
          [
            94.9473151,
            27.7534979
          ],
          [
            94.9481426,
            27.7536054
          ],
          [
            94.9502722,
            27.753889
          ],
          [
            94.9523317,
            27.7542173
          ],
          [
            94.9558874,
            27.7547387
          ],
          [
            94.9576628,
            27.7549768
          ],
          [
            94.9596056,
            27.7553096
          ],
          [
            94.9606657,
            27.7555391
          ],
          [
            94.9610056,
            27.7555813
          ],
          [
            94.9611477,
            27.755593
          ],
          [
            94.9617057,
            27.7556107
          ],
          [
            94.9621671,
            27.7556285
          ],
          [
            94.9626236,
            27.7556598
          ],
          [
            94.963344,
            27.755894
          ],
          [
            94.9641253,
            27.7561055
          ],
          [
            94.9646833,
            27.7562496
          ],
          [
            94.9664435,
            27.7564245
          ],
          [
            94.9670877,
            27.7564873
          ],
          [
            94.9680665,
            27.7565633
          ],
          [
            94.9690876,
            27.756773
          ],
          [
            94.9694464,
            27.7568467
          ],
          [
            94.9709225,
            27.7570939
          ],
          [
            94.9728654,
            27.7573633
          ],
          [
            94.9746054,
            27.7577682
          ],
          [
            94.977525,
            27.758194
          ],
          [
            94.9802006,
            27.7585538
          ],
          [
            94.9811767,
            27.7586967
          ],
          [
            94.9828385,
            27.7589399
          ],
          [
            94.985659,
            27.7594025
          ],
          [
            94.9887789,
            27.7598783
          ],
          [
            94.9919344,
            27.7603946
          ],
          [
            94.9947955,
            27.7608525
          ],
          [
            94.9950399,
            27.7609062
          ],
          [
            94.9986076,
            27.7616082
          ],
          [
            95.0,
            27.7618004
          ],
          [
            95.0022262,
            27.762101
          ],
          [
            95.0026338,
            27.762152
          ],
          [
            95.0039021,
            27.762307
          ]
        ]
      },
      "properties": {
        "id": "1579906",
        "risk": "Low",
        "status": "Open",
        "type": "road"
      }
    },
    {
      "type": "Feature",
      "geometry": {
        "type": "LineString",
        "coordinates": [
          [
            95.0045389,
            27.7650161
          ],
          [
            95.0035166,
            27.7672833
          ],
          [
            95.0034667,
            27.7673764
          ],
          [
            95.0024864,
            27.769205
          ],
          [
            95.0016933,
            27.7699102
          ],
          [
            95.0013725,
            27.7701947
          ],
          [
            95.0007196,
            27.7707738
          ],
          [
            95.0001328,
            27.7719152
          ],
          [
            95.0000694,
            27.7722236
          ],
          [
            95.0000365,
            27.7733734
          ],
          [
            95.0001937,
            27.7737101
          ],
          [
            95.0010127,
            27.7742156
          ],
          [
            95.002241,
            27.7748898
          ],
          [
            95.0046041,
            27.7756211
          ],
          [
            95.0060851,
            27.7760431
          ],
          [
            95.0067849,
            27.7762279
          ]
        ]
      },
      "properties": {
        "id": "1548712",
        "risk": "Low",
        "status": "Open",
        "type": "road"
      }
    },
    {
      "type": "Feature",
      "geometry": {
        "type": "LineString",
        "coordinates": [
          [
            95.0039021,
            27.762307
          ],
          [
            95.0053714,
            27.7624795
          ],
          [
            95.0058678,
            27.7625545
          ]
        ]
      },
      "properties": {
        "id": "1548032",
        "risk": "Low",
        "status": "Open",
        "type": "road"
      }
    },
    {
      "type": "Feature",
      "geometry": {
        "type": "LineString",
        "coordinates": [
          [
            95.0089172,
            27.7694862
          ],
          [
            95.0106947,
            27.769733
          ],
          [
            95.0121535,
            27.7702811
          ],
          [
            95.0130129,
            27.7707555
          ],
          [
            95.0142373,
            27.771365
          ],
          [
            95.0151991,
            27.7717666
          ],
          [
            95.0163944,
            27.7720659
          ],
          [
            95.0173997,
            27.7721658
          ]
        ]
      },
      "properties": {
        "id": "1578788",
        "risk": "Low",
        "status": "Open",
        "type": "road"
      }
    },
    {
      "type": "Feature",
      "geometry": {
        "type": "LineString",
        "coordinates": [
          [
            95.0052313,
            27.7678647
          ],
          [
            95.0053225,
            27.767942
          ],
          [
            95.0059056,
            27.7684359
          ],
          [
            95.0065415,
            27.7688535
          ],
          [
            95.0070072,
            27.7691939
          ],
          [
            95.007554,
            27.769547
          ],
          [
            95.0079754,
            27.7695491
          ],
          [
            95.0089172,
            27.7694862
          ]
        ]
      },
      "properties": {
        "id": "1523965",
        "risk": "Low",
        "status": "Open",
        "type": "road"
      }
    },
    {
      "type": "Feature",
      "geometry": {
        "type": "LineString",
        "coordinates": [
          [
            95.0089172,
            27.7694862
          ],
          [
            95.0090184,
            27.7688983
          ],
          [
            95.0091079,
            27.7683779
          ],
          [
            95.0094403,
            27.7669277
          ],
          [
            95.0100591,
            27.7650463
          ],
          [
            95.010562,
            27.7642009
          ]
        ]
      },
      "properties": {
        "id": "1525259",
        "risk": "Low",
        "status": "Open",
        "type": "road"
      }
    },
    {
      "type": "Feature",
      "geometry": {
        "type": "LineString",
        "coordinates": [
          [
            95.0058678,
            27.7625545
          ],
          [
            95.0067428,
            27.7626903
          ],
          [
            95.0079587,
            27.7628137
          ],
          [
            95.0086612,
            27.7629869
          ],
          [
            95.008849,
            27.7630331
          ],
          [
            95.0092735,
            27.7633113
          ],
          [
            95.009698,
            27.7635896
          ],
          [
            95.010562,
            27.7642009
          ]
        ]
      },
      "properties": {
        "id": "1553235",
        "risk": "Low",
        "status": "Open",
        "type": "road"
      }
    },
    {
      "type": "Feature",
      "geometry": {
        "type": "LineString",
        "coordinates": [
          [
            95.0058678,
            27.7625545
          ],
          [
            95.0047114,
            27.7645158
          ],
          [
            95.0045389,
            27.7650161
          ]
        ]
      },
      "properties": {
        "id": "1574143",
        "risk": "Low",
        "status": "Open",
        "type": "road"
      }
    },
    {
      "type": "Feature",
      "geometry": {
        "type": "LineString",
        "coordinates": [
          [
            95.0045389,
            27.7650161
          ],
          [
            95.0041928,
            27.7631924
          ],
          [
            95.0039021,
            27.762307
          ]
        ]
      },
      "properties": {
        "id": "1576722",
        "risk": "Low",
        "status": "Open",
        "type": "road"
      }
    },
    {
      "type": "Feature",
      "geometry": {
        "type": "LineString",
        "coordinates": [
          [
            95.0052313,
            27.7678647
          ],
          [
            95.0045389,
            27.7650161
          ]
        ]
      },
      "properties": {
        "id": "1580350",
        "risk": "Low",
        "status": "Open",
        "type": "road"
      }
    },
    {
      "type": "Feature",
      "geometry": {
        "type": "LineString",
        "coordinates": [
          [
            95.0067849,
            27.7762279
          ],
          [
            95.0065414,
            27.775519
          ],
          [
            95.0064093,
            27.7750212
          ],
          [
            95.0061041,
            27.7734379
          ],
          [
            95.0060129,
            27.7725541
          ],
          [
            95.0059033,
            27.7713642
          ],
          [
            95.0057201,
            27.7704712
          ],
          [
            95.0054698,
            27.7686042
          ],
          [
            95.0052502,
            27.7679234
          ],
          [
            95.0052313,
            27.7678647
          ]
        ]
      },
      "properties": {
        "id": "1571790",
        "risk": "Low",
        "status": "Open",
        "type": "road"
      }
    },
    {
      "type": "Feature",
      "geometry": {
        "type": "LineString",
        "coordinates": [
          [
            95.0082534,
            27.7767459
          ],
          [
            95.0080314,
            27.77591
          ],
          [
            95.0076828,
            27.7748268
          ],
          [
            95.0076538,
            27.7734641
          ],
          [
            95.0077464,
            27.7722459
          ],
          [
            95.0080517,
            27.771258
          ],
          [
            95.0084181,
            27.7698912
          ],
          [
            95.0089172,
            27.7694862
          ]
        ]
      },
      "properties": {
        "id": "1549595",
        "risk": "Low",
        "status": "Open",
        "type": "road"
      }
    },
    {
      "type": "Feature",
      "geometry": {
        "type": "LineString",
        "coordinates": [
          [
            95.0089427,
            27.7769889
          ],
          [
            95.0081027,
            27.7787052
          ],
          [
            95.0078047,
            27.7790756
          ],
          [
            95.0074472,
            27.779393
          ],
          [
            95.0071195,
            27.7796574
          ],
          [
            95.0068812,
            27.7799221
          ],
          [
            95.0068087,
            27.7799659
          ]
        ]
      },
      "properties": {
        "id": "1574860",
        "risk": "Low",
        "status": "Open",
        "type": "road"
      }
    },
    {
      "type": "Feature",
      "geometry": {
        "type": "LineString",
        "coordinates": [
          [
            95.0089427,
            27.7769889
          ],
          [
            95.0082534,
            27.7767459
          ]
        ]
      },
      "properties": {
        "id": "1559608",
        "risk": "Low",
        "status": "Open",
        "type": "road"
      }
    },
    {
      "type": "Feature",
      "geometry": {
        "type": "LineString",
        "coordinates": [
          [
            95.0067849,
            27.7762279
          ],
          [
            95.0076921,
            27.7764652
          ],
          [
            95.0082534,
            27.7767459
          ]
        ]
      },
      "properties": {
        "id": "1521975",
        "risk": "Low",
        "status": "Open",
        "type": "road"
      }
    },
    {
      "type": "Feature",
      "geometry": {
        "type": "LineString",
        "coordinates": [
          [
            95.0449487,
            27.7880635
          ],
          [
            95.0440285,
            27.7877719
          ],
          [
            95.0422034,
            27.7873087
          ],
          [
            95.0400549,
            27.7865308
          ],
          [
            95.0390397,
            27.7863069
          ],
          [
            95.0376631,
            27.7859607
          ],
          [
            95.0373374,
            27.7858602
          ],
          [
            95.036367,
            27.7855606
          ],
          [
            95.0363139,
            27.7855464
          ],
          [
            95.0353243,
            27.7852821
          ],
          [
            95.0352662,
            27.7852695
          ],
          [
            95.034102,
            27.7850173
          ],
          [
            95.0328555,
            27.78457
          ],
          [
            95.0314292,
            27.783987
          ],
          [
            95.0301683,
            27.783563
          ],
          [
            95.0299767,
            27.7834986
          ],
          [
            95.029136,
            27.7832291
          ],
          [
            95.0284748,
            27.7830171
          ],
          [
            95.0275919,
            27.7827685
          ],
          [
            95.0270526,
            27.7826167
          ],
          [
            95.0270216,
            27.7826055
          ],
          [
            95.0256787,
            27.7821192
          ],
          [
            95.0240427,
            27.7815699
          ],
          [
            95.0239967,
            27.7815562
          ],
          [
            95.0220593,
            27.7809818
          ],
          [
            95.0207968,
            27.7806763
          ],
          [
            95.0192392,
            27.7802374
          ],
          [
            95.0191117,
            27.7802001
          ],
          [
            95.0178476,
            27.7798302
          ],
          [
            95.0175067,
            27.7797215
          ],
          [
            95.0161721,
            27.7792959
          ],
          [
            95.0153039,
            27.7790092
          ],
          [
            95.0144287,
            27.7787258
          ],
          [
            95.014361,
            27.7787038
          ],
          [
            95.0131519,
            27.7783305
          ],
          [
            95.0129036,
            27.7782603
          ],
          [
            95.0114696,
            27.7778548
          ],
          [
            95.0114478,
            27.7778475
          ],
          [
            95.0100914,
            27.777394
          ],
          [
            95.0099959,
            27.7773603
          ],
          [
            95.0089427,
            27.7769889
          ]
        ]
      },
      "properties": {
        "id": "1576249",
        "risk": "Low",
        "status": "Open",
        "type": "road"
      }
    },
    {
      "type": "Feature",
      "geometry": {
        "type": "LineString",
        "coordinates": [
          [
            95.0421679,
            27.7999535
          ],
          [
            95.0421859,
            27.7997173
          ]
        ]
      },
      "properties": {
        "id": "1552383",
        "risk": "Low",
        "status": "Open",
        "type": "road"
      }
    },
    {
      "type": "Feature",
      "geometry": {
        "type": "LineString",
        "coordinates": [
          [
            95.0421859,
            27.7997173
          ],
          [
            95.0421938,
            27.7996134
          ],
          [
            95.0422372,
            27.7986311
          ],
          [
            95.0422376,
            27.7980182
          ],
          [
            95.0424888,
            27.7972104
          ],
          [
            95.0426151,
            27.7959289
          ],
          [
            95.0426789,
            27.7945081
          ],
          [
            95.0428988,
            27.7935332
          ],
          [
            95.0432132,
            27.7920568
          ],
          [
            95.0438408,
            27.7903856
          ],
          [
            95.0446875,
            27.7889095
          ],
          [
            95.0449487,
            27.7880635
          ]
        ]
      },
      "properties": {
        "id": "1578412",
        "risk": "Low",
        "status": "Open",
        "type": "road"
      }
    },
    {
      "type": "Feature",
      "geometry": {
        "type": "LineString",
        "coordinates": [
          [
            95.0543552,
            27.7910111
          ],
          [
            95.052188,
            27.790335
          ],
          [
            95.0510053,
            27.7899756
          ],
          [
            95.0495146,
            27.7894266
          ],
          [
            95.047206,
            27.7886853
          ],
          [
            95.0465443,
            27.7884547
          ],
          [
            95.0460194,
            27.7884274
          ],
          [
            95.0449487,
            27.7880635
          ]
        ]
      },
      "properties": {
        "id": "1574658",
        "risk": "Low",
        "status": "Open",
        "type": "road"
      }
    },
    {
      "type": "Feature",
      "geometry": {
        "type": "LineString",
        "coordinates": [
          [
            95.0421859,
            27.7997173
          ],
          [
            95.0436032,
            27.7981302
          ],
          [
            95.0443714,
            27.7977663
          ],
          [
            95.0450065,
            27.797375
          ],
          [
            95.0458772,
            27.7969655
          ],
          [
            95.0468808,
            27.796629
          ],
          [
            95.0474802,
            27.7963681
          ],
          [
            95.0481768,
            27.795831
          ],
          [
            95.0491294,
            27.7952849
          ],
          [
            95.0497341,
            27.7945292
          ],
          [
            95.050247,
            27.7938225
          ],
          [
            95.0510763,
            27.7930592
          ],
          [
            95.0519541,
            27.7924233
          ],
          [
            95.0528043,
            27.7919864
          ],
          [
            95.0543552,
            27.7910111
          ]
        ]
      },
      "properties": {
        "id": "1574905",
        "risk": "Low",
        "status": "Open",
        "type": "road"
      }
    },
    {
      "type": "Feature",
      "geometry": {
        "type": "LineString",
        "coordinates": [
          [
            95.0543552,
            27.7910111
          ],
          [
            95.0554972,
            27.7902782
          ],
          [
            95.0560198,
            27.7895861
          ],
          [
            95.0566653,
            27.7887939
          ],
          [
            95.0569839,
            27.7878877
          ],
          [
            95.0569844,
            27.7873047
          ],
          [
            95.0570769,
            27.7867581
          ],
          [
            95.057364,
            27.7859748
          ],
          [
            95.0578045,
            27.7855477
          ],
          [
            95.0584702,
            27.7850834
          ],
          [
            95.0592588,
            27.7845828
          ],
          [
            95.0601355,
            27.7839129
          ],
          [
            95.0609241,
            27.7833485
          ],
          [
            95.0613852,
            27.7827474
          ],
          [
            95.0616421,
            27.782178
          ],
          [
            95.0619496,
            27.7816862
          ],
          [
            95.0624005,
            27.7809667
          ],
          [
            95.0628408,
            27.7803241
          ],
          [
            95.0629231,
            27.7797138
          ],
          [
            95.0629038,
            27.777689
          ],
          [
            95.0627625,
            27.7759908
          ],
          [
            95.0631209,
            27.7755537
          ],
          [
            95.0631625,
            27.7745607
          ],
          [
            95.0631013,
            27.7741699
          ],
          [
            95.0629889,
            27.7738328
          ],
          [
            95.0629974,
            27.7734425
          ],
          [
            95.0631718,
            27.7728139
          ],
          [
            95.0633155,
            27.7721581
          ],
          [
            95.0633868,
            27.7710291
          ],
          [
            95.0633053,
            27.7703185
          ],
          [
            95.0632635,
            27.7685717
          ]
        ]
      },
      "properties": {
        "id": "1570182",
        "risk": "Low",
        "status": "Open",
        "type": "road"
      }
    },
    {
      "type": "Feature",
      "geometry": {
        "type": "LineString",
        "coordinates": [
          [
            95.0449487,
            27.7880635
          ],
          [
            95.0464385,
            27.7856304
          ],
          [
            95.0474104,
            27.784043
          ],
          [
            95.0487268,
            27.7823722
          ],
          [
            95.0495994,
            27.7814305
          ],
          [
            95.0503829,
            27.7805673
          ],
          [
            95.0507276,
            27.7800938
          ],
          [
            95.0508845,
            27.7795925
          ],
          [
            95.0509167,
            27.7784503
          ],
          [
            95.0511679,
            27.7775032
          ],
          [
            95.051544,
            27.7770019
          ],
          [
            95.0529226,
            27.7756376
          ],
          [
            95.0532988,
            27.7750527
          ],
          [
            95.0537932,
            27.7742303
          ],
          [
            95.0538722,
            27.7741
          ],
          [
            95.0542321,
            27.7735062
          ],
          [
            95.0544203,
            27.7730048
          ],
          [
            95.0543893,
            27.7725034
          ],
          [
            95.0541706,
            27.7718346
          ],
          [
            95.0540366,
            27.7716658
          ],
          [
            95.0529818,
            27.7703853
          ],
          [
            95.0526066,
            27.7695213
          ],
          [
            95.0522942,
            27.7687411
          ],
          [
            95.0521068,
            27.7680166
          ],
          [
            95.052264,
            27.7671253
          ],
          [
            95.0528596,
            27.7661226
          ],
          [
            95.0542065,
            27.7651761
          ],
          [
            95.0549899,
            27.7641736
          ],
          [
            95.0552094,
            27.7635607
          ],
          [
            95.0551161,
            27.7626691
          ],
          [
            95.0552106,
            27.7618055
          ],
          [
            95.0555863,
            27.7599748
          ],
          [
            95.0557749,
            27.7589441
          ],
          [
            95.0557125,
            27.7584983
          ],
          [
            95.055619,
            27.7578018
          ],
          [
            95.0551815,
            27.7566593
          ],
          [
            95.0551819,
            27.7562692
          ],
          [
            95.0555955,
            27.7553945
          ],
          [
            95.0555914,
            27.7549444
          ],
          [
            95.0554006,
            27.7539668
          ],
          [
            95.0553188,
            27.753748
          ],
          [
            95.0550881,
            27.7531308
          ]
        ]
      },
      "properties": {
        "id": "1470036",
        "risk": "Low",
        "status": "Open",
        "type": "road"
      }
    },
    {
      "type": "Feature",
      "geometry": {
        "type": "LineString",
        "coordinates": [
          [
            95.010562,
            27.7642009
          ],
          [
            95.0122335,
            27.7655586
          ],
          [
            95.0154118,
            27.7677898
          ],
          [
            95.015747,
            27.7679813
          ],
          [
            95.0159211,
            27.7680314
          ],
          [
            95.0168815,
            27.7682872
          ],
          [
            95.0175229,
            27.7683484
          ],
          [
            95.0181683,
            27.7684101
          ],
          [
            95.0196424,
            27.7683657
          ],
          [
            95.0207278,
            27.7680021
          ],
          [
            95.0231748,
            27.766421
          ],
          [
            95.023633,
            27.7662188
          ],
          [
            95.0244035,
            27.7659026
          ],
          [
            95.0266179,
            27.7647904
          ],
          [
            95.0276174,
            27.7642505
          ],
          [
            95.029775,
            27.7631583
          ],
          [
            95.0309349,
            27.7625686
          ],
          [
            95.0314213,
            27.7622989
          ],
          [
            95.0360237,
            27.7598634
          ],
          [
            95.0401782,
            27.7577358
          ],
          [
            95.041537,
            27.7570575
          ],
          [
            95.0451462,
            27.7550303
          ],
          [
            95.0468755,
            27.7542157
          ],
          [
            95.0473204,
            27.7538875
          ],
          [
            95.0477663,
            27.7535602
          ],
          [
            95.0485447,
            27.753005
          ],
          [
            95.0512336,
            27.7506368
          ],
          [
            95.052138,
            27.7499915
          ],
          [
            95.0529552,
            27.7496072
          ],
          [
            95.0530881,
            27.7495762
          ]
        ]
      },
      "properties": {
        "id": "1563094",
        "risk": "Low",
        "status": "Open",
        "type": "road"
      }
    },
    {
      "type": "Feature",
      "geometry": {
        "type": "LineString",
        "coordinates": [
          [
            95.0550881,
            27.7531308
          ],
          [
            95.055739,
            27.7535277
          ],
          [
            95.0558544,
            27.7535981
          ],
          [
            95.0560999,
            27.7537349
          ],
          [
            95.0569185,
            27.7539904
          ],
          [
            95.0574198,
            27.7543095
          ],
          [
            95.0579517,
            27.7547927
          ],
          [
            95.0581066,
            27.7549721
          ],
          [
            95.0584631,
            27.7553851
          ],
          [
            95.0585559,
            27.7555336
          ],
          [
            95.0594216,
            27.7569188
          ],
          [
            95.0598407,
            27.7575931
          ],
          [
            95.06026,
            27.7582128
          ],
          [
            95.0607099,
            27.7590056
          ],
          [
            95.0610678,
            27.7594887
          ],
          [
            95.0611843,
            27.7596143
          ],
          [
            95.0613504,
            27.7597934
          ],
          [
            95.0615104,
            27.7598551
          ]
        ]
      },
      "properties": {
        "id": "1565333",
        "risk": "Low",
        "status": "Open",
        "type": "road"
      }
    },
    {
      "type": "Feature",
      "geometry": {
        "type": "LineString",
        "coordinates": [
          [
            95.0550881,
            27.7531308
          ],
          [
            95.0542123,
            27.7520438
          ],
          [
            95.0538996,
            27.7514864
          ],
          [
            95.0533578,
            27.7506346
          ],
          [
            95.0531468,
            27.7500012
          ],
          [
            95.0530881,
            27.7495762
          ]
        ]
      },
      "properties": {
        "id": "1516010",
        "risk": "Low",
        "status": "Open",
        "type": "road"
      }
    },
    {
      "type": "Feature",
      "geometry": {
        "type": "LineString",
        "coordinates": [
          [
            95.0682172,
            27.7547192
          ],
          [
            95.0681165,
            27.754353
          ],
          [
            95.0682538,
            27.7536536
          ],
          [
            95.0682388,
            27.7528747
          ],
          [
            95.0682341,
            27.7526338
          ],
          [
            95.0683006,
            27.7515465
          ],
          [
            95.0684685,
            27.7506441
          ],
          [
            95.0680635,
            27.7500014
          ],
          [
            95.0684552,
            27.7489145
          ],
          [
            95.0685373,
            27.7486264
          ],
          [
            95.0689557,
            27.7474481
          ],
          [
            95.0696178,
            27.7463069
          ]
        ]
      },
      "properties": {
        "id": "1579020",
        "risk": "Low",
        "status": "Open",
        "type": "road"
      }
    },
    {
      "type": "Feature",
      "geometry": {
        "type": "LineString",
        "coordinates": [
          [
            95.0682172,
            27.7547192
          ],
          [
            95.0686347,
            27.7547916
          ],
          [
            95.069433,
            27.7547464
          ],
          [
            95.07017,
            27.7547102
          ],
          [
            95.0708148,
            27.7546286
          ],
          [
            95.0713472,
            27.7544192
          ],
          [
            95.0718074,
            27.7543307
          ]
        ]
      },
      "properties": {
        "id": "1577104",
        "risk": "Low",
        "status": "Open",
        "type": "road"
      }
    },
    {
      "type": "Feature",
      "geometry": {
        "type": "LineString",
        "coordinates": [
          [
            95.0659424,
            27.7561922
          ],
          [
            95.0663385,
            27.7559369
          ],
          [
            95.0680635,
            27.7548129
          ],
          [
            95.0682172,
            27.7547192
          ]
        ]
      },
      "properties": {
        "id": "1536575",
        "risk": "Low",
        "status": "Open",
        "type": "road"
      }
    },
    {
      "type": "Feature",
      "geometry": {
        "type": "LineString",
        "coordinates": [
          [
            95.0632635,
            27.7685717
          ],
          [
            95.0638778,
            27.7683352
          ],
          [
            95.0644818,
            27.7681623
          ],
          [
            95.06483,
            27.767953
          ],
          [
            95.0651341,
            27.7676298
          ],
          [
            95.065247,
            27.7672381
          ],
          [
            95.065503,
            27.7668921
          ],
          [
            95.0657506,
            27.7667808
          ],
          [
            95.0667195,
            27.7663674
          ],
          [
            95.0669141,
            27.7660761
          ],
          [
            95.066853,
            27.7656478
          ],
          [
            95.0667904,
            27.7643146
          ],
          [
            95.0668524,
            27.763522
          ],
          [
            95.0669133,
            27.7620408
          ],
          [
            95.0670979,
            27.7614396
          ],
          [
            95.0675383,
            27.7608021
          ],
          [
            95.068467,
            27.7590424
          ],
          [
            95.0692456,
            27.7575123
          ],
          [
            95.0697777,
            27.7569509
          ],
          [
            95.0704944,
            27.7563591
          ],
          [
            95.0710577,
            27.7559038
          ],
          [
            95.0717408,
            27.7544957
          ],
          [
            95.0718074,
            27.7543307
          ]
        ]
      },
      "properties": {
        "id": "1563970",
        "risk": "Low",
        "status": "Open",
        "type": "road"
      }
    },
    {
      "type": "Feature",
      "geometry": {
        "type": "LineString",
        "coordinates": [
          [
            95.0615104,
            27.7598551
          ],
          [
            95.0613469,
            27.7593004
          ],
          [
            95.0624295,
            27.7577214
          ],
          [
            95.064284,
            27.757162
          ],
          [
            95.0645737,
            27.7570746
          ],
          [
            95.0659424,
            27.7561922
          ]
        ]
      },
      "properties": {
        "id": "1563428",
        "risk": "Low",
        "status": "Open",
        "type": "road"
      }
    },
    {
      "type": "Feature",
      "geometry": {
        "type": "LineString",
        "coordinates": [
          [
            95.0615104,
            27.7598551
          ],
          [
            95.0617385,
            27.7599468
          ],
          [
            95.0625776,
            27.7603663
          ],
          [
            95.0630381,
            27.7604668
          ],
          [
            95.0633554,
            27.7604396
          ],
          [
            95.0636627,
            27.760048
          ],
          [
            95.0640827,
            27.7593923
          ],
          [
            95.0645028,
            27.7587092
          ],
          [
            95.0651593,
            27.757427
          ],
          [
            95.0655471,
            27.7569158
          ],
          [
            95.0657533,
            27.7566439
          ],
          [
            95.0659424,
            27.7561922
          ]
        ]
      },
      "properties": {
        "id": "1572676",
        "risk": "Low",
        "status": "Open",
        "type": "road"
      }
    },
    {
      "type": "Feature",
      "geometry": {
        "type": "LineString",
        "coordinates": [
          [
            95.0632635,
            27.7685717
          ],
          [
            95.0633026,
            27.7677012
          ],
          [
            95.0632725,
            27.7667719
          ],
          [
            95.0632629,
            27.7656192
          ],
          [
            95.0631199,
            27.7652456
          ],
          [
            95.0629667,
            27.7645896
          ],
          [
            95.0626805,
            27.7639336
          ],
          [
            95.0625376,
            27.7632775
          ],
          [
            95.0624051,
            27.7624244
          ],
          [
            95.0617919,
            27.7609026
          ],
          [
            95.0615912,
            27.7601559
          ],
          [
            95.0615104,
            27.7598551
          ]
        ]
      },
      "properties": {
        "id": "1557342",
        "risk": "Low",
        "status": "Open",
        "type": "road"
      }
    },
    {
      "type": "Feature",
      "geometry": {
        "type": "LineString",
        "coordinates": [
          [
            95.0718074,
            27.7543307
          ],
          [
            95.0723858,
            27.7541679
          ],
          [
            95.0728874,
            27.7540133
          ],
          [
            95.073641,
            27.7535596
          ],
          [
            95.0741222,
            27.7532409
          ],
          [
            95.0749821,
            27.7528496
          ],
          [
            95.0756167,
            27.752704
          ],
          [
            95.075965,
            27.7525681
          ],
          [
            95.0763644,
            27.7521127
          ],
          [
            95.0765591,
            27.7515115
          ],
          [
            95.0763377,
            27.7506454
          ],
          [
            95.076134,
            27.7502751
          ],
          [
            95.0759969,
            27.7500259
          ]
        ]
      },
      "properties": {
        "id": "1545254",
        "risk": "Low",
        "status": "Open",
        "type": "road"
      }
    },
    {
      "type": "Feature",
      "geometry": {
        "type": "LineString",
        "coordinates": [
          [
            95.1020001,
            27.7531477
          ],
          [
            95.1017679,
            27.7535484
          ],
          [
            95.1008694,
            27.7545008
          ],
          [
            95.099922,
            27.755766
          ],
          [
            95.0989939,
            27.7570391
          ],
          [
            95.0989705,
            27.7570713
          ],
          [
            95.0971233,
            27.7594041
          ],
          [
            95.0960547,
            27.7610812
          ]
        ]
      },
      "properties": {
        "id": "1574693",
        "risk": "Low",
        "status": "Open",
        "type": "road"
      }
    },
    {
      "type": "Feature",
      "geometry": {
        "type": "LineString",
        "coordinates": [
          [
            95.1020001,
            27.7531477
          ],
          [
            95.1031713,
            27.7538212
          ],
          [
            95.1043062,
            27.7544176
          ],
          [
            95.1049913,
            27.7547987
          ],
          [
            95.1052804,
            27.7548749
          ],
          [
            95.1054625,
            27.7549131
          ],
          [
            95.1058265,
            27.7549988
          ],
          [
            95.10704,
            27.7548308
          ],
          [
            95.1070717,
            27.7548264
          ],
          [
            95.1076368,
            27.7546877
          ],
          [
            95.1081681,
            27.7546383
          ],
          [
            95.1087344,
            27.7545725
          ],
          [
            95.1096408,
            27.7545342
          ],
          [
            95.1115117,
            27.7544568
          ],
          [
            95.1123375,
            27.7544168
          ],
          [
            95.1134596,
            27.7543181
          ],
          [
            95.1144551,
            27.7542129
          ],
          [
            95.1150532,
            27.7541525
          ],
          [
            95.1156901,
            27.7541437
          ],
          [
            95.1162493,
            27.7541033
          ],
          [
            95.1175598,
            27.7540837
          ],
          [
            95.1188836,
            27.7539618
          ],
          [
            95.1198049,
            27.7539806
          ]
        ]
      },
      "properties": {
        "id": "1578776",
        "risk": "Low",
        "status": "Open",
        "type": "road"
      }
    },
    {
      "type": "Feature",
      "geometry": {
        "type": "LineString",
        "coordinates": [
          [
            95.2037113,
            27.955676
          ],
          [
            95.2056735,
            27.954399
          ],
          [
            95.2080362,
            27.9530417
          ],
          [
            95.2082543,
            27.9529032
          ],
          [
            95.2086258,
            27.9526674
          ],
          [
            95.2093681,
            27.9519421
          ],
          [
            95.2096862,
            27.9516313
          ],
          [
            95.2105465,
            27.9505705
          ],
          [
            95.2115964,
            27.9496163
          ],
          [
            95.212917,
            27.9485174
          ],
          [
            95.2137636,
            27.947841
          ],
          [
            95.215037,
            27.9469556
          ],
          [
            95.21581,
            27.9462389
          ],
          [
            95.2163789,
            27.9457134
          ],
          [
            95.2172987,
            27.9446862
          ],
          [
            95.2184795,
            27.943511
          ],
          [
            95.2198521,
            27.94229
          ],
          [
            95.2209043,
            27.9414395
          ],
          [
            95.2232838,
            27.939882
          ],
          [
            95.22454,
            27.9390313
          ],
          [
            95.22546,
            27.9385159
          ],
          [
            95.2261044,
            27.9382673
          ],
          [
            95.2265017,
            27.9380665
          ],
          [
            95.2269498,
            27.9376492
          ],
          [
            95.2277224,
            27.9367511
          ],
          [
            95.228718,
            27.9356852
          ],
          [
            95.2294799,
            27.934787
          ],
          [
            95.2299949,
            27.9341087
          ],
          [
            95.2304226,
            27.9339677
          ],
          [
            95.2306052,
            27.9340249
          ],
          [
            95.2308417,
            27.934187
          ],
          [
            95.2310461,
            27.9343491
          ],
          [
            95.231423,
            27.9346158
          ],
          [
            95.2315321,
            27.9346862
          ],
          [
            95.2316773,
            27.9346412
          ],
          [
            95.231731,
            27.9346107
          ],
          [
            95.232093,
            27.9344047
          ],
          [
            95.2321204,
            27.9335887
          ],
          [
            95.2322161,
            27.9326816
          ],
          [
            95.2323126,
            27.9324141
          ],
          [
            95.2328166,
            27.9314588
          ],
          [
            95.2337995,
            27.929802
          ],
          [
            95.2344862,
            27.9289612
          ],
          [
            95.2347434,
            27.9284454
          ],
          [
            95.2348933,
            27.9278723
          ],
          [
            95.2349035,
            27.927328
          ],
          [
            95.2348952,
            27.9269052
          ],
          [
            95.2350345,
            27.9265423
          ],
          [
            95.2354688,
            27.9262206
          ],
          [
            95.2371078,
            27.9250714
          ],
          [
            95.2374516,
            27.9248705
          ],
          [
            95.2379995,
            27.9244592
          ],
          [
            95.2384397,
            27.9239045
          ],
          [
            95.238568,
            27.9231494
          ],
          [
            95.2385777,
            27.9220646
          ],
          [
            95.2383875,
            27.9210587
          ],
          [
            95.2382861,
            27.9205226
          ],
          [
            95.2379834,
            27.9192562
          ],
          [
            95.2381349,
            27.9189935
          ],
          [
            95.2385109,
            27.9183414
          ],
          [
            95.2397963,
            27.9158589
          ],
          [
            95.2411125,
            27.9136829
          ],
          [
            95.2415093,
            27.9128129
          ],
          [
            95.2416698,
            27.9121342
          ],
          [
            95.2415296,
            27.9115514
          ],
          [
            95.2412148,
            27.9100749
          ],
          [
            95.2410633,
            27.9090908
          ],
          [
            95.240826,
            27.9083073
          ],
          [
            95.2404062,
            27.9077534
          ],
          [
            95.238483,
            27.9068503
          ],
          [
            95.2375368,
            27.9066312
          ],
          [
            95.2356195,
            27.906508
          ],
          [
            95.2337167,
            27.9064235
          ],
          [
            95.2330184,
            27.9061402
          ],
          [
            95.2327208,
            27.9060194
          ],
          [
            95.2327038,
            27.9058676
          ],
          [
            95.2326733,
            27.9055946
          ],
          [
            95.2326939,
            27.9046867
          ],
          [
            95.2326395,
            27.9039796
          ],
          [
            95.2323819,
            27.9030582
          ],
          [
            95.2320368,
            27.9019785
          ],
          [
            95.231446,
            27.9003294
          ],
          [
            95.2313916,
            27.8995935
          ],
          [
            95.2311974,
            27.898877
          ],
          [
            95.2305719,
            27.8971817
          ],
          [
            95.2305285,
            27.8967995
          ],
          [
            95.2306359,
            27.8965891
          ],
          [
            95.2310117,
            27.896264
          ],
          [
            95.2314842,
            27.8958144
          ],
          [
            95.2316345,
            27.8955754
          ],
          [
            95.2316558,
            27.8953652
          ],
          [
            95.2315803,
            27.895069
          ],
          [
            95.231202,
            27.894244
          ],
          [
            95.2306849,
            27.8930594
          ],
          [
            95.2305123,
            27.8923905
          ],
          [
            95.2306088,
            27.8920816
          ],
          [
            95.2305863,
            27.8910017
          ],
          [
            95.2304885,
            27.8899505
          ],
          [
            95.2294866,
            27.8877324
          ],
          [
            95.2292172,
            27.8869393
          ],
          [
            95.2292488,
            27.8862608
          ],
          [
            95.2294649,
            27.8850322
          ],
          [
            95.229819,
            27.8844012
          ],
          [
            95.2303233,
            27.8835598
          ],
          [
            95.2306868,
            27.882167
          ],
          [
            95.2308147,
            27.8810965
          ],
          [
            95.2308894,
            27.8805517
          ],
          [
            95.2308031,
            27.8801026
          ],
          [
            95.2304286,
            27.8792478
          ],
          [
            95.230041,
            27.8784931
          ],
          [
            95.2299005,
            27.8774087
          ],
          [
            95.2297489,
            27.8761091
          ],
          [
            95.2294152,
            27.8750441
          ],
          [
            95.2290707,
            27.8742703
          ],
          [
            95.2285324,
            27.8732863
          ],
          [
            95.2274885,
            27.8721812
          ],
          [
            95.2270689,
            27.8715508
          ],
          [
            95.226875,
            27.8710922
          ],
          [
            95.2268857,
            27.8702247
          ],
          [
            95.2268845,
            27.8689059
          ],
          [
            95.2267759,
            27.8675245
          ],
          [
            95.2267539,
            27.8671232
          ],
          [
            95.2265387,
            27.8667315
          ],
          [
            95.2262083,
            27.866411
          ],
          [
            95.2252405,
            27.8656663
          ],
          [
            95.224715,
            27.8651783
          ],
          [
            95.22436,
            27.8647676
          ],
          [
            95.2243061,
            27.8645956
          ],
          [
            95.2243916,
            27.8640605
          ],
          [
            95.2245201,
            27.8634869
          ],
          [
            95.2243045,
            27.8627034
          ],
          [
            95.2241807,
            27.8617956
          ],
          [
            95.2239967,
            27.8610715
          ],
          [
            95.2236416,
            27.8596745
          ],
          [
            95.2234084,
            27.8582351
          ],
          [
            95.2216876,
            27.8562294
          ],
          [
            95.2205476,
            27.8550834
          ],
          [
            95.2203755,
            27.8547586
          ],
          [
            95.220203,
            27.8541662
          ],
          [
            95.2200331,
            27.8536761
          ],
          [
            95.2190435,
            27.8523197
          ],
          [
            95.2187203,
            27.8513451
          ],
          [
            95.2182462,
            27.8497399
          ]
        ]
      },
      "properties": {
        "id": "1538617",
        "risk": "Low",
        "status": "Open",
        "type": "road"
      }
    },
    {
      "type": "Feature",
      "geometry": {
        "type": "LineString",
        "coordinates": [
          [
            95.2182462,
            27.8497399
          ],
          [
            95.2181169,
            27.8492431
          ],
          [
            95.2181223,
            27.8492259
          ],
          [
            95.218267,
            27.8487651
          ],
          [
            95.2186309,
            27.8477818
          ],
          [
            95.2210814,
            27.8415687
          ]
        ]
      },
      "properties": {
        "id": "1553493",
        "risk": "Low",
        "status": "Open",
        "type": "road"
      }
    },
    {
      "type": "Feature",
      "geometry": {
        "type": "LineString",
        "coordinates": [
          [
            95.1972318,
            27.8515931
          ],
          [
            95.2024087,
            27.8502458
          ],
          [
            95.2035152,
            27.84997
          ],
          [
            95.2050888,
            27.849888
          ],
          [
            95.2061397,
            27.849973
          ],
          [
            95.2071553,
            27.8502928
          ],
          [
            95.2082976,
            27.8505946
          ],
          [
            95.2090033,
            27.8508694
          ],
          [
            95.209501,
            27.851036
          ],
          [
            95.2101762,
            27.8510626
          ],
          [
            95.2106076,
            27.8509811
          ],
          [
            95.2112877,
            27.8507867
          ],
          [
            95.2119675,
            27.8501863
          ],
          [
            95.2126167,
            27.8494053
          ],
          [
            95.2128906,
            27.8491796
          ],
          [
            95.213383,
            27.8491026
          ],
          [
            95.2139413,
            27.8490706
          ],
          [
            95.2149564,
            27.8488218
          ],
          [
            95.2156671,
            27.8488259
          ],
          [
            95.2168399,
            27.8490958
          ],
          [
            95.2177947,
            27.8496187
          ],
          [
            95.2182462,
            27.8497399
          ]
        ]
      },
      "properties": {
        "id": "1578006",
        "risk": "Low",
        "status": "Open",
        "type": "road"
      }
    },
    {
      "type": "Feature",
      "geometry": {
        "type": "LineString",
        "coordinates": [
          [
            95.2119103,
            27.8208329
          ],
          [
            95.2121496,
            27.8226628
          ],
          [
            95.2122724,
            27.8239848
          ],
          [
            95.2124258,
            27.8255594
          ],
          [
            95.2125943,
            27.8258702
          ],
          [
            95.2129849,
            27.8266284
          ],
          [
            95.2130767,
            27.8270705
          ],
          [
            95.2129554,
            27.8277835
          ],
          [
            95.2129861,
            27.8282527
          ],
          [
            95.2133572,
            27.8288752
          ],
          [
            95.213911,
            27.8295742
          ],
          [
            95.2147132,
            27.83007
          ],
          [
            95.2152718,
            27.8304577
          ],
          [
            95.215947,
            27.8313248
          ],
          [
            95.2177668,
            27.8339023
          ],
          [
            95.2180856,
            27.8344127
          ],
          [
            95.2188393,
            27.8361239
          ]
        ]
      },
      "properties": {
        "id": "1571145",
        "risk": "Low",
        "status": "Open",
        "type": "road"
      }
    },
    {
      "type": "Feature",
      "geometry": {
        "type": "LineString",
        "coordinates": [
          [
            95.2132883,
            27.8364493
          ],
          [
            95.2149576,
            27.8364326
          ]
        ]
      },
      "properties": {
        "id": "1531211",
        "risk": "Low",
        "status": "Open",
        "type": "road"
      }
    },
    {
      "type": "Feature",
      "geometry": {
        "type": "LineString",
        "coordinates": [
          [
            95.2149576,
            27.8364326
          ],
          [
            95.2147951,
            27.8374543
          ],
          [
            95.2144882,
            27.8386868
          ],
          [
            95.2145518,
            27.8390145
          ]
        ]
      },
      "properties": {
        "id": "1580666",
        "risk": "Low",
        "status": "Open",
        "type": "road"
      }
    },
    {
      "type": "Feature",
      "geometry": {
        "type": "LineString",
        "coordinates": [
          [
            95.2149576,
            27.8364326
          ],
          [
            95.2161453,
            27.8364123
          ],
          [
            95.216328,
            27.8364015
          ],
          [
            95.2179488,
            27.8362547
          ],
          [
            95.2188393,
            27.8361239
          ]
        ]
      },
      "properties": {
        "id": "1542832",
        "risk": "Low",
        "status": "Open",
        "type": "road"
      }
    },
    {
      "type": "Feature",
      "geometry": {
        "type": "LineString",
        "coordinates": [
          [
            95.2188393,
            27.8361239
          ],
          [
            95.222056,
            27.8355756
          ],
          [
            95.2225995,
            27.835417
          ]
        ]
      },
      "properties": {
        "id": "1568372",
        "risk": "Low",
        "status": "Open",
        "type": "road"
      }
    },
    {
      "type": "Feature",
      "geometry": {
        "type": "LineString",
        "coordinates": [
          [
            95.2225995,
            27.835417
          ],
          [
            95.2227291,
            27.8359341
          ],
          [
            95.2224879,
            27.8373286
          ],
          [
            95.2220376,
            27.8384374
          ],
          [
            95.2218846,
            27.8387843
          ],
          [
            95.2215873,
            27.8395272
          ],
          [
            95.2213947,
            27.8402536
          ],
          [
            95.22124,
            27.8410767
          ],
          [
            95.2210814,
            27.8415687
          ]
        ]
      },
      "properties": {
        "id": "1571206",
        "risk": "Low",
        "status": "Open",
        "type": "road"
      }
    },
    {
      "type": "Feature",
      "geometry": {
        "type": "LineString",
        "coordinates": [
          [
            95.2258813,
            27.8282989
          ],
          [
            95.2254946,
            27.8288158
          ],
          [
            95.2250549,
            27.829638
          ],
          [
            95.2247869,
            27.8302116
          ],
          [
            95.2241781,
            27.831468
          ],
          [
            95.2238566,
            27.8324525
          ],
          [
            95.2231938,
            27.8337215
          ],
          [
            95.2226311,
            27.8348545
          ],
          [
            95.2225091,
            27.8351451
          ],
          [
            95.2225995,
            27.835417
          ]
        ]
      },
      "properties": {
        "id": "1492190",
        "risk": "Low",
        "status": "Open",
        "type": "road"
      }
    },
    {
      "type": "Feature",
      "geometry": {
        "type": "LineString",
        "coordinates": [
          [
            95.2235268,
            27.824572
          ],
          [
            95.2242217,
            27.8255516
          ],
          [
            95.224655,
            27.826311
          ],
          [
            95.2258813,
            27.8282989
          ]
        ]
      },
      "properties": {
        "id": "1570993",
        "risk": "Low",
        "status": "Open",
        "type": "road"
      }
    },
    {
      "type": "Feature",
      "geometry": {
        "type": "LineString",
        "coordinates": [
          [
            95.2235268,
            27.824572
          ],
          [
            95.2241019,
            27.8242412
          ],
          [
            95.2246609,
            27.8239577
          ],
          [
            95.2256099,
            27.8234393
          ]
        ]
      },
      "properties": {
        "id": "1582552",
        "risk": "Low",
        "status": "Open",
        "type": "road"
      }
    },
    {
      "type": "Feature",
      "geometry": {
        "type": "LineString",
        "coordinates": [
          [
            95.2106897,
            27.7993372
          ],
          [
            95.2110253,
            27.7999098
          ],
          [
            95.2112569,
            27.8014942
          ],
          [
            95.2116369,
            27.8047889
          ],
          [
            95.2125991,
            27.807228
          ],
          [
            95.2132184,
            27.8087016
          ],
          [
            95.2137878,
            27.8100317
          ],
          [
            95.2145511,
            27.8118061
          ],
          [
            95.2160924,
            27.814072
          ],
          [
            95.2167699,
            27.8149496
          ],
          [
            95.21816,
            27.8168933
          ],
          [
            95.2183682,
            27.8172223
          ],
          [
            95.2195547,
            27.8189296
          ],
          [
            95.2212336,
            27.8213593
          ],
          [
            95.2235268,
            27.824572
          ]
        ]
      },
      "properties": {
        "id": "1542975",
        "risk": "Low",
        "status": "Open",
        "type": "road"
      }
    },
    {
      "type": "Feature",
      "geometry": {
        "type": "LineString",
        "coordinates": [
          [
            95.197932,
            27.8093035
          ],
          [
            95.1981457,
            27.8086386
          ],
          [
            95.1983228,
            27.8080877
          ],
          [
            95.1988437,
            27.806416
          ],
          [
            95.1996428,
            27.8044657
          ],
          [
            95.2010331,
            27.8014936
          ],
          [
            95.202363,
            27.7997427
          ],
          [
            95.2024557,
            27.7989393
          ]
        ]
      },
      "properties": {
        "id": "1573461",
        "risk": "Low",
        "status": "Open",
        "type": "road"
      }
    },
    {
      "type": "Feature",
      "geometry": {
        "type": "LineString",
        "coordinates": [
          [
            95.2210814,
            27.8415687
          ],
          [
            95.2200688,
            27.8412762
          ],
          [
            95.2183755,
            27.8408915
          ],
          [
            95.2164666,
            27.8404483
          ],
          [
            95.2142705,
            27.8397797
          ],
          [
            95.2128085,
            27.839513
          ],
          [
            95.2121333,
            27.8393343
          ],
          [
            95.2107629,
            27.8388613
          ],
          [
            95.2094475,
            27.8384989
          ],
          [
            95.2065891,
            27.8377696
          ],
          [
            95.205196,
            27.837371
          ],
          [
            95.2038908,
            27.836986
          ],
          [
            95.2024386,
            27.8365756
          ],
          [
            95.2010398,
            27.8361212
          ],
          [
            95.2006295,
            27.83599
          ],
          [
            95.2000046,
            27.8357901
          ],
          [
            95.1993727,
            27.835628
          ],
          [
            95.1981092,
            27.8352699
          ],
          [
            95.1967809,
            27.8349187
          ],
          [
            95.1966521,
            27.8348783
          ],
          [
            95.1962887,
            27.8347724
          ],
          [
            95.1956315,
            27.8345808
          ],
          [
            95.1951138,
            27.8344254
          ],
          [
            95.1935799,
            27.8338576
          ],
          [
            95.1929822,
            27.8336834
          ],
          [
            95.1925599,
            27.8335603
          ],
          [
            95.1922782,
            27.833398
          ],
          [
            95.1906868,
            27.8329182
          ],
          [
            95.1886332,
            27.8322829
          ],
          [
            95.1869649,
            27.8316715
          ],
          [
            95.1855317,
            27.8313164
          ],
          [
            95.1843711,
            27.8309513
          ],
          [
            95.1827423,
            27.8304511
          ],
          [
            95.181967,
            27.8302146
          ],
          [
            95.1803717,
            27.8297279
          ],
          [
            95.1789329,
            27.829256
          ],
          [
            95.1769832,
            27.8287094
          ],
          [
            95.1754153,
            27.8283173
          ],
          [
            95.1738836,
            27.8278509
          ],
          [
            95.1726811,
            27.8274858
          ],
          [
            95.1712419,
            27.8270666
          ],
          [
            95.1697802,
            27.8265887
          ],
          [
            95.16677,
            27.8256056
          ],
          [
            95.1648484,
            27.8250312
          ],
          [
            95.1640874,
            27.824869
          ],
          [
            95.1627251,
            27.8244362
          ],
          [
            95.1615189,
            27.8240101
          ],
          [
            95.1598598,
            27.8235571
          ],
          [
            95.1582768,
            27.8230971
          ],
          [
            95.1576187,
            27.8229958
          ],
          [
            95.1562032,
            27.822529
          ],
          [
            95.153977,
            27.8218842
          ],
          [
            95.1517624,
            27.8211807
          ],
          [
            95.1510127,
            27.8209458
          ],
          [
            95.1506401,
            27.820829
          ],
          [
            95.1496964,
            27.8204163
          ],
          [
            95.1475156,
            27.8198051
          ],
          [
            95.145614,
            27.8193069
          ],
          [
            95.1438546,
            27.8187656
          ],
          [
            95.1409648,
            27.8178613
          ],
          [
            95.1380116,
            27.817018
          ],
          [
            95.1371084,
            27.816808
          ],
          [
            95.1362122,
            27.8165221
          ],
          [
            95.134081,
            27.8158719
          ],
          [
            95.131833,
            27.8151071
          ],
          [
            95.1312854,
            27.8149439
          ],
          [
            95.1298051,
            27.8145026
          ],
          [
            95.1286638,
            27.8142318
          ],
          [
            95.1271134,
            27.8137716
          ],
          [
            95.1248934,
            27.8130812
          ],
          [
            95.1232947,
            27.8125217
          ],
          [
            95.1215599,
            27.8119531
          ],
          [
            95.1208638,
            27.8118989
          ],
          [
            95.1200116,
            27.8115131
          ],
          [
            95.1187486,
            27.8111068
          ],
          [
            95.1175199,
            27.8106127
          ],
          [
            95.1160439,
            27.8100644
          ],
          [
            95.1143763,
            27.8095205
          ],
          [
            95.1129687,
            27.8091008
          ],
          [
            95.1114211,
            27.8085794
          ],
          [
            95.1094697,
            27.8079497
          ],
          [
            95.1072324,
            27.8071575
          ],
          [
            95.1061693,
            27.8068681
          ],
          [
            95.1057149,
            27.8067444
          ],
          [
            95.1032441,
            27.8059318
          ],
          [
            95.1008137,
            27.8051733
          ],
          [
            95.0995432,
            27.8047941
          ],
          [
            95.098086,
            27.8043538
          ],
          [
            95.0968307,
            27.8039407
          ],
          [
            95.0945146,
            27.8031347
          ],
          [
            95.0930658,
            27.802708
          ],
          [
            95.0911708,
            27.8022201
          ],
          [
            95.0889689,
            27.8014615
          ],
          [
            95.0881246,
            27.801265
          ],
          [
            95.086153,
            27.8006274
          ],
          [
            95.0848972,
            27.8002713
          ],
          [
            95.0835887,
            27.7999866
          ],
          [
            95.0831477,
            27.7998609
          ],
          [
            95.081354,
            27.7993496
          ],
          [
            95.0803468,
            27.7989703
          ],
          [
            95.0778638,
            27.7982182
          ],
          [
            95.0759608,
            27.7975362
          ],
          [
            95.074447,
            27.7971768
          ],
          [
            95.0728916,
            27.7966212
          ],
          [
            95.0721841,
            27.7963841
          ],
          [
            95.0718903,
            27.7962675
          ],
          [
            95.0712376,
            27.7960844
          ],
          [
            95.0706502,
            27.7959196
          ],
          [
            95.0686431,
            27.7954215
          ],
          [
            95.0669241,
            27.794859
          ],
          [
            95.0655666,
            27.7943846
          ],
          [
            95.0646995,
            27.7941852
          ],
          [
            95.0641214,
            27.7940523
          ],
          [
            95.0631519,
            27.7937202
          ],
          [
            95.0617448,
            27.7932458
          ],
          [
            95.0605339,
            27.7929879
          ],
          [
            95.0593427,
            27.792628
          ],
          [
            95.0587388,
            27.7924456
          ],
          [
            95.0575143,
            27.7920795
          ],
          [
            95.0562633,
            27.7916479
          ],
          [
            95.055054,
            27.7912548
          ],
          [
            95.0543552,
            27.7910111
          ]
        ]
      },
      "properties": {
        "id": "1567408",
        "risk": "Low",
        "status": "Open",
        "type": "road"
      }
    },
    {
      "type": "Feature",
      "geometry": {
        "type": "LineString",
        "coordinates": [
          [
            95.1604195,
            27.7688454
          ],
          [
            95.1606597,
            27.7694532
          ],
          [
            95.1641474,
            27.7783335
          ],
          [
            95.1650062,
            27.7789858
          ],
          [
            95.1655258,
            27.7793616
          ],
          [
            95.1660021,
            27.7797116
          ],
          [
            95.1663316,
            27.7799522
          ],
          [
            95.1675154,
            27.7820724
          ],
          [
            95.1689691,
            27.7844928
          ],
          [
            95.1695169,
            27.7854047
          ],
          [
            95.1716392,
            27.7889379
          ],
          [
            95.172268,
            27.7901494
          ],
          [
            95.1727708,
            27.7904848
          ],
          [
            95.173177,
            27.7906608
          ],
          [
            95.1757925,
            27.7917713
          ]
        ]
      },
      "properties": {
        "id": "1578658",
        "risk": "Low",
        "status": "Open",
        "type": "road"
      }
    },
    {
      "type": "Feature",
      "geometry": {
        "type": "LineString",
        "coordinates": [
          [
            95.1198049,
            27.7539806
          ],
          [
            95.121082,
            27.754223
          ],
          [
            95.1222963,
            27.7548382
          ],
          [
            95.12305,
            27.7551366
          ],
          [
            95.1242644,
            27.7553417
          ],
          [
            95.1268398,
            27.7558451
          ],
          [
            95.127682,
            27.7560322
          ],
          [
            95.1309899,
            27.7567755
          ],
          [
            95.1317749,
            27.756973
          ]
        ]
      },
      "properties": {
        "id": "1571947",
        "risk": "Low",
        "status": "Open",
        "type": "road"
      }
    },
    {
      "type": "Feature",
      "geometry": {
        "type": "LineString",
        "coordinates": [
          [
            95.1317749,
            27.756973
          ],
          [
            95.1327952,
            27.7571743
          ],
          [
            95.1332087,
            27.7571985
          ],
          [
            95.1347169,
            27.7575211
          ],
          [
            95.13631,
            27.7577072
          ],
          [
            95.1381842,
            27.757907
          ],
          [
            95.1411993,
            27.7583542
          ],
          [
            95.1434537,
            27.7591751
          ],
          [
            95.1460476,
            27.7601197
          ],
          [
            95.147428,
            27.7605883
          ],
          [
            95.149066,
            27.7612594
          ],
          [
            95.1498665,
            27.7615892
          ],
          [
            95.1511151,
            27.7621324
          ],
          [
            95.1512974,
            27.7622044
          ],
          [
            95.1522712,
            27.7625944
          ]
        ]
      },
      "properties": {
        "id": "1554946",
        "risk": "Low",
        "status": "Open",
        "type": "road"
      }
    },
    {
      "type": "Feature",
      "geometry": {
        "type": "LineString",
        "coordinates": [
          [
            95.1522712,
            27.7625944
          ],
          [
            95.1531535,
            27.7609834
          ],
          [
            95.1539546,
            27.7598237
          ],
          [
            95.1542637,
            27.7587227
          ],
          [
            95.1543244,
            27.7576804
          ],
          [
            95.1542633,
            27.7567464
          ],
          [
            95.1538927,
            27.7553117
          ],
          [
            95.1532912,
            27.7542106
          ],
          [
            95.1526901,
            27.7531099
          ],
          [
            95.1523553,
            27.7523926
          ],
          [
            95.1522536,
            27.7513097
          ],
          [
            95.1524828,
            27.7506559
          ],
          [
            95.153282,
            27.7500013
          ],
          [
            95.1534248,
            27.7497798
          ],
          [
            95.154326,
            27.7481444
          ],
          [
            95.1547597,
            27.7466875
          ],
          [
            95.1550266,
            27.7458252
          ]
        ]
      },
      "properties": {
        "id": "1519709",
        "risk": "Low",
        "status": "Open",
        "type": "road"
      }
    },
    {
      "type": "Feature",
      "geometry": {
        "type": "LineString",
        "coordinates": [
          [
            95.1522712,
            27.7625944
          ],
          [
            95.1530439,
            27.7629298
          ],
          [
            95.1561489,
            27.7641833
          ],
          [
            95.158184,
            27.7648454
          ],
          [
            95.1589317,
            27.7652104
          ],
          [
            95.1593927,
            27.7660492
          ],
          [
            95.160206,
            27.7683022
          ],
          [
            95.1604195,
            27.7688454
          ]
        ]
      },
      "properties": {
        "id": "1544848",
        "risk": "Low",
        "status": "Open",
        "type": "road"
      }
    },
    {
      "type": "Feature",
      "geometry": {
        "type": "LineString",
        "coordinates": [
          [
            95.1550266,
            27.7458252
          ],
          [
            95.1558946,
            27.7459018
          ],
          [
            95.1576977,
            27.7459014
          ],
          [
            95.1597343,
            27.7458415
          ],
          [
            95.1609872,
            27.7458115
          ],
          [
            95.1617553,
            27.7462275
          ],
          [
            95.1621562,
            27.7470599
          ],
          [
            95.1625569,
            27.7471788
          ],
          [
            95.1637588,
            27.7472082
          ],
          [
            95.1648941,
            27.7472376
          ],
          [
            95.1660628,
            27.7472671
          ],
          [
            95.1669642,
            27.7472668
          ],
          [
            95.168024,
            27.7474352
          ],
          [
            95.1688589,
            27.7478511
          ],
          [
            95.1695269,
            27.7486239
          ],
          [
            95.1699278,
            27.7491293
          ],
          [
            95.1692673,
            27.7496197
          ],
          [
            95.1680814,
            27.7500002
          ],
          [
            95.1678907,
            27.7503334
          ],
          [
            95.1675959,
            27.7512839
          ],
          [
            95.1669366,
            27.7523099
          ],
          [
            95.1669981,
            27.7537402
          ],
          [
            95.1668769,
            27.7552247
          ],
          [
            95.1663804,
            27.7570432
          ],
          [
            95.1656404,
            27.7584738
          ],
          [
            95.1637847,
            27.7608386
          ],
          [
            95.1632321,
            27.7617727
          ],
          [
            95.162984,
            27.7628196
          ],
          [
            95.1629236,
            27.7643311
          ],
          [
            95.1621176,
            27.7663121
          ],
          [
            95.1610681,
            27.7680179
          ],
          [
            95.1604195,
            27.7688454
          ]
        ]
      },
      "properties": {
        "id": "1578135",
        "risk": "Low",
        "status": "Open",
        "type": "road"
      }
    },
    {
      "type": "Feature",
      "geometry": {
        "type": "LineString",
        "coordinates": [
          [
            95.1802926,
            27.767024
          ],
          [
            95.1804717,
            27.7674796
          ],
          [
            95.1807225,
            27.7681062
          ],
          [
            95.1807119,
            27.7684755
          ],
          [
            95.1806969,
            27.7688614
          ],
          [
            95.1809159,
            27.7696009
          ],
          [
            95.1806921,
            27.7701033
          ],
          [
            95.1802942,
            27.7705371
          ],
          [
            95.1798328,
            27.7709163
          ],
          [
            95.1795843,
            27.7712458
          ],
          [
            95.1794933,
            27.7717105
          ],
          [
            95.1794936,
            27.7723693
          ],
          [
            95.1794937,
            27.7727258
          ],
          [
            95.1794941,
            27.7734296
          ],
          [
            95.1792155,
            27.7744134
          ],
          [
            95.1791853,
            27.7748826
          ],
          [
            95.1794037,
            27.7754555
          ],
          [
            95.1799572,
            27.7765518
          ],
          [
            95.1802364,
            27.7770706
          ],
          [
            95.1803281,
            27.7777068
          ],
          [
            95.1804501,
            27.7783475
          ],
          [
            95.180699,
            27.778979
          ],
          [
            95.1816838,
            27.7805668
          ],
          [
            95.1820546,
            27.7814241
          ],
          [
            95.1823341,
            27.7822722
          ],
          [
            95.1824866,
            27.782985
          ],
          [
            95.1828574,
            27.7839279
          ],
          [
            95.1830099,
            27.7846679
          ],
          [
            95.1826706,
            27.7857102
          ],
          [
            95.1824583,
            27.7872173
          ]
        ]
      },
      "properties": {
        "id": "1569936",
        "risk": "Low",
        "status": "Open",
        "type": "road"
      }
    },
    {
      "type": "Feature",
      "geometry": {
        "type": "LineString",
        "coordinates": [
          [
            95.1757925,
            27.7917713
          ],
          [
            95.1801533,
            27.7935598
          ],
          [
            95.1811069,
            27.7939504
          ]
        ]
      },
      "properties": {
        "id": "1553330",
        "risk": "Low",
        "status": "Open",
        "type": "road"
      }
    },
    {
      "type": "Feature",
      "geometry": {
        "type": "LineString",
        "coordinates": [
          [
            95.1824583,
            27.7872173
          ],
          [
            95.181875,
            27.7876417
          ],
          [
            95.1804981,
            27.7883905
          ],
          [
            95.180054,
            27.7886305
          ],
          [
            95.1787913,
            27.7893981
          ],
          [
            95.1775587,
            27.7902783
          ],
          [
            95.1764835,
            27.7911315
          ],
          [
            95.1757925,
            27.7917713
          ]
        ]
      },
      "properties": {
        "id": "1581524",
        "risk": "Low",
        "status": "Open",
        "type": "road"
      }
    },
    {
      "type": "Feature",
      "geometry": {
        "type": "LineString",
        "coordinates": [
          [
            95.1824583,
            27.7872173
          ],
          [
            95.1823369,
            27.7881288
          ],
          [
            95.1819625,
            27.7901098
          ],
          [
            95.1817348,
            27.7913597
          ],
          [
            95.1815322,
            27.7920231
          ],
          [
            95.1812588,
            27.7932413
          ],
          [
            95.1811069,
            27.7939504
          ]
        ]
      },
      "properties": {
        "id": "1559986",
        "risk": "Low",
        "status": "Open",
        "type": "road"
      }
    },
    {
      "type": "Feature",
      "geometry": {
        "type": "LineString",
        "coordinates": [
          [
            95.1811069,
            27.7939504
          ],
          [
            95.1832715,
            27.7949195
          ],
          [
            95.1838134,
            27.7955005
          ],
          [
            95.185095,
            27.7973982
          ],
          [
            95.186875,
            27.7990695
          ],
          [
            95.1875663,
            27.7993116
          ],
          [
            95.1891555,
            27.7992158
          ],
          [
            95.1900588,
            27.7991614
          ],
          [
            95.1907144,
            27.7991305
          ],
          [
            95.1927839,
            27.7991267
          ],
          [
            95.19385,
            27.7991037
          ],
          [
            95.1950289,
            27.7990926
          ],
          [
            95.2003438,
            27.7989797
          ],
          [
            95.2024557,
            27.7989393
          ]
        ]
      },
      "properties": {
        "id": "1575736",
        "risk": "Low",
        "status": "Open",
        "type": "road"
      }
    },
    {
      "type": "Feature",
      "geometry": {
        "type": "LineString",
        "coordinates": [
          [
            95.2024557,
            27.7989393
          ],
          [
            95.2038696,
            27.7989123
          ],
          [
            95.2053599,
            27.7989167
          ],
          [
            95.2084992,
            27.7989186
          ],
          [
            95.2093488,
            27.7989091
          ],
          [
            95.2101659,
            27.7990206
          ],
          [
            95.2106897,
            27.7993372
          ]
        ]
      },
      "properties": {
        "id": "1569183",
        "risk": "Low",
        "status": "Open",
        "type": "road"
      }
    },
    {
      "type": "Feature",
      "geometry": {
        "type": "LineString",
        "coordinates": [
          [
            95.2720964,
            27.7918931
          ],
          [
            95.2725055,
            27.7916908
          ],
          [
            95.2750184,
            27.7904475
          ],
          [
            95.2759559,
            27.7898611
          ],
          [
            95.2766349,
            27.7894364
          ],
          [
            95.2793685,
            27.7868961
          ],
          [
            95.2795225,
            27.7867317
          ],
          [
            95.2795861,
            27.7866666
          ],
          [
            95.2799087,
            27.7863328
          ],
          [
            95.2799679,
            27.7862749
          ],
          [
            95.2800289,
            27.7862119
          ],
          [
            95.2801091,
            27.7861404
          ],
          [
            95.2801918,
            27.7860656
          ],
          [
            95.2803314,
            27.7859225
          ],
          [
            95.2804513,
            27.7858108
          ],
          [
            95.2805657,
            27.7857055
          ],
          [
            95.2812947,
            27.7851902
          ],
          [
            95.2818156,
            27.7848175
          ],
          [
            95.2819734,
            27.784731
          ],
          [
            95.2821265,
            27.7846609
          ],
          [
            95.282251,
            27.7846025
          ],
          [
            95.2824314,
            27.7845172
          ],
          [
            95.2825456,
            27.7844606
          ],
          [
            95.2826676,
            27.7844067
          ],
          [
            95.282886,
            27.7843058
          ],
          [
            95.2830537,
            27.7842272
          ],
          [
            95.2831401,
            27.7841845
          ],
          [
            95.2832328,
            27.784143
          ],
          [
            95.2841462,
            27.7836936
          ],
          [
            95.2850386,
            27.7831982
          ],
          [
            95.2851453,
            27.7831352
          ],
          [
            95.2852457,
            27.7830735
          ],
          [
            95.2853379,
            27.7830196
          ],
          [
            95.2854341,
            27.7829642
          ],
          [
            95.2855839,
            27.7829135
          ],
          [
            95.2857102,
            27.7828741
          ],
          [
            95.2858121,
            27.782843
          ],
          [
            95.2858959,
            27.7828145
          ],
          [
            95.2859936,
            27.7827865
          ],
          [
            95.2860799,
            27.7827597
          ],
          [
            95.2861612,
            27.7827305
          ],
          [
            95.2862831,
            27.7826947
          ],
          [
            95.2863764,
            27.7826662
          ],
          [
            95.286476,
            27.7826332
          ],
          [
            95.2866011,
            27.7825866
          ],
          [
            95.2867224,
            27.7825288
          ],
          [
            95.2868787,
            27.7824565
          ],
          [
            95.2869771,
            27.7824138
          ],
          [
            95.2870819,
            27.7823633
          ],
          [
            95.2871803,
            27.7823184
          ],
          [
            95.2872629,
            27.7822791
          ],
          [
            95.2889238,
            27.7816148
          ],
          [
            95.2890407,
            27.7815547
          ],
          [
            95.2891385,
            27.7815053
          ],
          [
            95.2892478,
            27.7814469
          ],
          [
            95.2893583,
            27.7813896
          ],
          [
            95.2894714,
            27.7813301
          ],
          [
            95.2895538,
            27.7812898
          ],
          [
            95.2896356,
            27.7812459
          ],
          [
            95.2897558,
            27.7811898
          ],
          [
            95.2898759,
            27.7811258
          ],
          [
            95.2899802,
            27.7810138
          ],
          [
            95.2900509,
            27.7809294
          ],
          [
            95.2901101,
            27.7808528
          ],
          [
            95.2901781,
            27.7807695
          ],
          [
            95.2902558,
            27.7806744
          ],
          [
            95.2904846,
            27.7803002
          ]
        ]
      },
      "properties": {
        "id": "1578771",
        "risk": "Low",
        "status": "Open",
        "type": "road"
      }
    },
    {
      "type": "Feature",
      "geometry": {
        "type": "LineString",
        "coordinates": [
          [
            95.2720964,
            27.7918931
          ],
          [
            95.2724592,
            27.792079
          ],
          [
            95.2727856,
            27.7923424
          ],
          [
            95.27305,
            27.792556
          ],
          [
            95.2730872,
            27.792635
          ],
          [
            95.2731297,
            27.7927381
          ],
          [
            95.2731684,
            27.792827
          ],
          [
            95.2732084,
            27.7929153
          ],
          [
            95.2732527,
            27.7930167
          ],
          [
            95.2732925,
            27.7931112
          ],
          [
            95.2733385,
            27.7932115
          ],
          [
            95.2733732,
            27.7933337
          ],
          [
            95.2733903,
            27.7934418
          ],
          [
            95.2734065,
            27.7935574
          ],
          [
            95.2734086,
            27.7936776
          ],
          [
            95.273402,
            27.7937667
          ],
          [
            95.2733966,
            27.7938478
          ],
          [
            95.2733766,
            27.7939578
          ],
          [
            95.2733344,
            27.7940671
          ],
          [
            95.2732941,
            27.7941668
          ],
          [
            95.273243,
            27.794292
          ],
          [
            95.2732065,
            27.7943933
          ],
          [
            95.2731473,
            27.7944767
          ],
          [
            95.273085,
            27.7945431
          ],
          [
            95.2730212,
            27.7946207
          ],
          [
            95.2729201,
            27.7947338
          ],
          [
            95.2728196,
            27.7948159
          ],
          [
            95.2727192,
            27.7948896
          ],
          [
            95.272614,
            27.7949717
          ],
          [
            95.272496,
            27.7950616
          ],
          [
            95.2724185,
            27.7951212
          ],
          [
            95.2723548,
            27.7951769
          ],
          [
            95.272254,
            27.7952683
          ],
          [
            95.2721819,
            27.7953361
          ],
          [
            95.2721093,
            27.7953881
          ],
          [
            95.2721509,
            27.795487
          ],
          [
            95.2721478,
            27.7956501
          ],
          [
            95.2721589,
            27.7957627
          ],
          [
            95.2721686,
            27.7958888
          ],
          [
            95.2721797,
            27.7960083
          ],
          [
            95.2721863,
            27.796115
          ],
          [
            95.2721975,
            27.7962206
          ],
          [
            95.2722043,
            27.7963067
          ],
          [
            95.2722431,
            27.7964168
          ],
          [
            95.2722884,
            27.7965256
          ],
          [
            95.2723273,
            27.7966832
          ],
          [
            95.2723618,
            27.7969677
          ],
          [
            95.2723652,
            27.797094
          ],
          [
            95.2723599,
            27.7971865
          ],
          [
            95.272348,
            27.7973071
          ],
          [
            95.272314,
            27.7974552
          ],
          [
            95.272269,
            27.7975701
          ],
          [
            95.2722315,
            27.7976702
          ],
          [
            95.2721986,
            27.7977516
          ],
          [
            95.2721511,
            27.797839
          ],
          [
            95.2720937,
            27.7979168
          ],
          [
            95.2720287,
            27.7980136
          ],
          [
            95.2719439,
            27.7981318
          ],
          [
            95.2718835,
            27.7982196
          ],
          [
            95.2718223,
            27.7983018
          ],
          [
            95.2717751,
            27.7983739
          ],
          [
            95.2717069,
            27.7984798
          ],
          [
            95.2716558,
            27.7985879
          ],
          [
            95.2716057,
            27.7986936
          ],
          [
            95.2715606,
            27.7988014
          ],
          [
            95.2715176,
            27.7988902
          ],
          [
            95.2714726,
            27.7989823
          ],
          [
            95.2714361,
            27.7990713
          ],
          [
            95.271384,
            27.7991825
          ],
          [
            95.2713479,
            27.7992668
          ],
          [
            95.2713135,
            27.7993406
          ],
          [
            95.2712584,
            27.7994329
          ],
          [
            95.2712183,
            27.7995614
          ],
          [
            95.2712033,
            27.7996719
          ],
          [
            95.2711859,
            27.7997734
          ],
          [
            95.2711736,
            27.7998563
          ],
          [
            95.2711561,
            27.799964
          ],
          [
            95.2711539,
            27.8000721
          ],
          [
            95.2711883,
            27.8001579
          ],
          [
            95.2712332,
            27.8002461
          ],
          [
            95.2712945,
            27.8003298
          ],
          [
            95.2713505,
            27.8004083
          ],
          [
            95.2714227,
            27.8004971
          ],
          [
            95.2714808,
            27.8005745
          ],
          [
            95.2715318,
            27.8006902
          ],
          [
            95.2715599,
            27.8008426
          ],
          [
            95.2715835,
            27.8009983
          ],
          [
            95.2715939,
            27.8011089
          ],
          [
            95.2715993,
            27.8012149
          ],
          [
            95.271604,
            27.8013486
          ],
          [
            95.271613,
            27.8014863
          ],
          [
            95.2716178,
            27.8015906
          ],
          [
            95.2716231,
            27.8017012
          ],
          [
            95.2716386,
            27.8018022
          ],
          [
            95.2716618,
            27.8019088
          ],
          [
            95.271688,
            27.8020268
          ],
          [
            95.2717087,
            27.8021131
          ],
          [
            95.2717281,
            27.8021983
          ],
          [
            95.2717615,
            27.8022836
          ],
          [
            95.2718145,
            27.8023587
          ],
          [
            95.2718921,
            27.8024683
          ],
          [
            95.2719737,
            27.8025582
          ],
          [
            95.2720356,
            27.8026182
          ],
          [
            95.2721052,
            27.8026849
          ],
          [
            95.2721798,
            27.8027629
          ],
          [
            95.2722696,
            27.8028483
          ],
          [
            95.2723948,
            27.8029738
          ],
          [
            95.2724808,
            27.8030569
          ],
          [
            95.2725478,
            27.8031214
          ],
          [
            95.2726187,
            27.8031735
          ],
          [
            95.2726844,
            27.8032356
          ],
          [
            95.2727844,
            27.8033132
          ],
          [
            95.2728907,
            27.803402
          ],
          [
            95.2729653,
            27.8034608
          ],
          [
            95.2730432,
            27.8035293
          ],
          [
            95.2731583,
            27.8036187
          ],
          [
            95.2732671,
            27.8036929
          ],
          [
            95.2733691,
            27.8037653
          ],
          [
            95.2734868,
            27.8038457
          ],
          [
            95.2735868,
            27.803917
          ],
          [
            95.2736722,
            27.803977
          ],
          [
            95.2737839,
            27.8040523
          ],
          [
            95.2738887,
            27.8041225
          ],
          [
            95.2739864,
            27.8041915
          ],
          [
            95.274107,
            27.8042759
          ],
          [
            95.2741867,
            27.8043336
          ],
          [
            95.2742842,
            27.8044083
          ],
          [
            95.2743867,
            27.8044858
          ],
          [
            95.2744778,
            27.8045644
          ],
          [
            95.2745384,
            27.8046469
          ],
          [
            95.2746111,
            27.8047407
          ],
          [
            95.2746811,
            27.8048379
          ],
          [
            95.2747499,
            27.8049441
          ],
          [
            95.2748237,
            27.8050738
          ],
          [
            95.2748998,
            27.8052059
          ],
          [
            95.2749663,
            27.8053192
          ],
          [
            95.2750301,
            27.8054304
          ],
          [
            95.2750874,
            27.805531
          ],
          [
            95.2751354,
            27.8056095
          ],
          [
            95.2751814,
            27.8056936
          ],
          [
            95.2752436,
            27.8057987
          ],
          [
            95.276683,
            27.8080578
          ]
        ]
      },
      "properties": {
        "id": "1582412",
        "risk": "Low",
        "status": "Open",
        "type": "road"
      }
    },
    {
      "type": "Feature",
      "geometry": {
        "type": "LineString",
        "coordinates": [
          [
            95.2496601,
            27.7992258
          ],
          [
            95.249737,
            27.7991883
          ],
          [
            95.25,
            27.7990951
          ],
          [
            95.2504229,
            27.7989678
          ],
          [
            95.2510863,
            27.798768
          ],
          [
            95.2547557,
            27.7976825
          ],
          [
            95.2562892,
            27.7972669
          ],
          [
            95.2629084,
            27.7952947
          ],
          [
            95.2637912,
            27.7950151
          ],
          [
            95.266315,
            27.7942157
          ],
          [
            95.2681073,
            27.7934958
          ],
          [
            95.2698995,
            27.7927758
          ],
          [
            95.2720964,
            27.7918931
          ]
        ]
      },
      "properties": {
        "id": "1542407",
        "risk": "Low",
        "status": "Open",
        "type": "road"
      }
    },
    {
      "type": "Feature",
      "geometry": {
        "type": "LineString",
        "coordinates": [
          [
            95.2106897,
            27.7993372
          ],
          [
            95.2110237,
            27.799042
          ],
          [
            95.211904,
            27.7982226
          ],
          [
            95.213802,
            27.7966298
          ],
          [
            95.2143268,
            27.796365
          ],
          [
            95.214442,
            27.7963069
          ],
          [
            95.2150959,
            27.7961046
          ],
          [
            95.2168909,
            27.7962309
          ],
          [
            95.2186239,
            27.7965057
          ],
          [
            95.2206431,
            27.7967425
          ],
          [
            95.2208841,
            27.7967766
          ],
          [
            95.2222495,
            27.7969697
          ],
          [
            95.2244188,
            27.7971492
          ],
          [
            95.2248514,
            27.7971839
          ],
          [
            95.2256001,
            27.7972439
          ],
          [
            95.226486,
            27.7973525
          ],
          [
            95.2267016,
            27.7973736
          ],
          [
            95.2272593,
            27.7973807
          ],
          [
            95.2281926,
            27.7974592
          ],
          [
            95.2288361,
            27.7975133
          ],
          [
            95.229673,
            27.7975472
          ],
          [
            95.2318947,
            27.7976365
          ],
          [
            95.2324067,
            27.7976454
          ],
          [
            95.2334948,
            27.7976641
          ],
          [
            95.2355955,
            27.7978131
          ],
          [
            95.2371098,
            27.7978883
          ],
          [
            95.2384894,
            27.7979643
          ],
          [
            95.2393435,
            27.7979821
          ],
          [
            95.2430446,
            27.7982184
          ],
          [
            95.2442386,
            27.7983789
          ],
          [
            95.2464562,
            27.7986769
          ],
          [
            95.2472162,
            27.7987952
          ],
          [
            95.2493793,
            27.7991318
          ],
          [
            95.2496601,
            27.7992258
          ]
        ]
      },
      "properties": {
        "id": "1458501",
        "risk": "Low",
        "status": "Open",
        "type": "road"
      }
    },
    {
      "type": "Feature",
      "geometry": {
        "type": "LineString",
        "coordinates": [
          [
            95.2496601,
            27.7992258
          ],
          [
            95.2495912,
            27.7992804
          ],
          [
            95.2494882,
            27.7993482
          ],
          [
            95.2494116,
            27.7993978
          ],
          [
            95.2493346,
            27.7994508
          ],
          [
            95.2492284,
            27.7995388
          ],
          [
            95.2490955,
            27.7996492
          ],
          [
            95.2489944,
            27.799738
          ],
          [
            95.2489112,
            27.7998077
          ],
          [
            95.2488125,
            27.799888
          ],
          [
            95.2487219,
            27.7999647
          ],
          [
            95.2486346,
            27.8000412
          ],
          [
            95.2485426,
            27.8001176
          ],
          [
            95.2484682,
            27.8001815
          ],
          [
            95.2483475,
            27.8002887
          ],
          [
            95.248254,
            27.8003869
          ],
          [
            95.2481862,
            27.800453
          ],
          [
            95.248128,
            27.8005156
          ],
          [
            95.2480437,
            27.800602
          ],
          [
            95.247954,
            27.8006946
          ],
          [
            95.2478815,
            27.800768
          ],
          [
            95.2478245,
            27.80083
          ],
          [
            95.2477592,
            27.8008938
          ],
          [
            95.2476953,
            27.8009622
          ],
          [
            95.2464453,
            27.8023744
          ],
          [
            95.2462209,
            27.8026062
          ],
          [
            95.2456437,
            27.8033164
          ],
          [
            95.2452336,
            27.803912
          ],
          [
            95.2441715,
            27.8051265
          ],
          [
            95.2437356,
            27.8056348
          ],
          [
            95.2433333,
            27.8059778
          ],
          [
            95.2424168,
            27.8072545
          ],
          [
            95.2422194,
            27.8075113
          ],
          [
            95.2418527,
            27.8079884
          ],
          [
            95.2401428,
            27.8100814
          ],
          [
            95.2393824,
            27.8110473
          ],
          [
            95.2393284,
            27.811116
          ],
          [
            95.2392637,
            27.8111984
          ],
          [
            95.23897,
            27.8116464
          ],
          [
            95.2387485,
            27.8119844
          ],
          [
            95.2377832,
            27.8132084
          ],
          [
            95.2370857,
            27.8139256
          ],
          [
            95.2358475,
            27.8154511
          ],
          [
            95.2353219,
            27.8160918
          ],
          [
            95.2346033,
            27.8171627
          ],
          [
            95.2332745,
            27.81882
          ],
          [
            95.2328068,
            27.8193984
          ],
          [
            95.2321802,
            27.8201875
          ],
          [
            95.23144,
            27.8211435
          ],
          [
            95.2307028,
            27.822045
          ],
          [
            95.2302467,
            27.8223749
          ]
        ]
      },
      "properties": {
        "id": "1551374",
        "risk": "Low",
        "status": "Open",
        "type": "road"
      }
    },
    {
      "type": "Feature",
      "geometry": {
        "type": "LineString",
        "coordinates": [
          [
            95.2256099,
            27.8234393
          ],
          [
            95.2257985,
            27.8233362
          ],
          [
            95.2270648,
            27.8227828
          ],
          [
            95.2278884,
            27.8226074
          ],
          [
            95.2285589,
            27.8224302
          ],
          [
            95.2292327,
            27.8223461
          ],
          [
            95.2302467,
            27.8223749
          ]
        ]
      },
      "properties": {
        "id": "1420670",
        "risk": "Low",
        "status": "Open",
        "type": "road"
      }
    },
    {
      "type": "Feature",
      "geometry": {
        "type": "LineString",
        "coordinates": [
          [
            95.2302467,
            27.8223749
          ],
          [
            95.2297904,
            27.822705
          ],
          [
            95.2293721,
            27.8232883
          ],
          [
            95.2288369,
            27.8242033
          ]
        ]
      },
      "properties": {
        "id": "1524295",
        "risk": "Low",
        "status": "Open",
        "type": "road"
      }
    },
    {
      "type": "Feature",
      "geometry": {
        "type": "LineString",
        "coordinates": [
          [
            95.2342722,
            27.8279041
          ],
          [
            95.2336248,
            27.8269851
          ],
          [
            95.2332732,
            27.8262356
          ],
          [
            95.2327229,
            27.825378
          ],
          [
            95.2322823,
            27.8250063
          ],
          [
            95.2316752,
            27.824548
          ],
          [
            95.2288369,
            27.8242033
          ]
        ]
      },
      "properties": {
        "id": "1563091",
        "risk": "Low",
        "status": "Open",
        "type": "road"
      }
    },
    {
      "type": "Feature",
      "geometry": {
        "type": "LineString",
        "coordinates": [
          [
            95.2288369,
            27.8242033
          ],
          [
            95.2285892,
            27.8246267
          ],
          [
            95.2280654,
            27.8254463
          ],
          [
            95.2276179,
            27.8261142
          ]
        ]
      },
      "properties": {
        "id": "1546766",
        "risk": "Low",
        "status": "Open",
        "type": "road"
      }
    },
    {
      "type": "Feature",
      "geometry": {
        "type": "LineString",
        "coordinates": [
          [
            95.2256099,
            27.8234393
          ],
          [
            95.226143,
            27.8241023
          ],
          [
            95.2276179,
            27.8261142
          ]
        ]
      },
      "properties": {
        "id": "1560581",
        "risk": "Low",
        "status": "Open",
        "type": "road"
      }
    },
    {
      "type": "Feature",
      "geometry": {
        "type": "LineString",
        "coordinates": [
          [
            95.2276179,
            27.8261142
          ],
          [
            95.2274349,
            27.8263873
          ],
          [
            95.2260739,
            27.8280413
          ],
          [
            95.2258813,
            27.8282989
          ]
        ]
      },
      "properties": {
        "id": "1578201",
        "risk": "Low",
        "status": "Open",
        "type": "road"
      }
    },
    {
      "type": "Feature",
      "geometry": {
        "type": "LineString",
        "coordinates": [
          [
            95.2210814,
            27.8415687
          ],
          [
            95.2212011,
            27.8416333
          ],
          [
            95.2236735,
            27.8424824
          ],
          [
            95.2252266,
            27.8430339
          ],
          [
            95.2271083,
            27.8436041
          ],
          [
            95.2278846,
            27.8438749
          ],
          [
            95.2288725,
            27.8441774
          ],
          [
            95.230028,
            27.8445413
          ],
          [
            95.2312636,
            27.8449235
          ],
          [
            95.2333498,
            27.8455376
          ],
          [
            95.2341364,
            27.845743
          ],
          [
            95.2375601,
            27.8466837
          ],
          [
            95.2392486,
            27.8471988
          ],
          [
            95.2404493,
            27.8475855
          ],
          [
            95.2440427,
            27.8489451
          ],
          [
            95.2464457,
            27.8498183
          ],
          [
            95.2477789,
            27.8504217
          ],
          [
            95.2482487,
            27.8505341
          ],
          [
            95.2493962,
            27.850822
          ],
          [
            95.25,
            27.851068
          ],
          [
            95.2504089,
            27.8511499
          ]
        ]
      },
      "properties": {
        "id": "1558035",
        "risk": "Low",
        "status": "Open",
        "type": "road"
      }
    },
    {
      "type": "Feature",
      "geometry": {
        "type": "LineString",
        "coordinates": [
          [
            95.2504089,
            27.8511499
          ],
          [
            95.2573537,
            27.8533313
          ]
        ]
      },
      "properties": {
        "id": "1500616",
        "risk": "Low",
        "status": "Open",
        "type": "road"
      }
    },
    {
      "type": "Feature",
      "geometry": {
        "type": "LineString",
        "coordinates": [
          [
            95.2650741,
            27.835831
          ],
          [
            95.2650078,
            27.8359308
          ],
          [
            95.264932,
            27.8359994
          ],
          [
            95.2648638,
            27.8360646
          ],
          [
            95.2647754,
            27.836149
          ],
          [
            95.264666,
            27.8362536
          ],
          [
            95.2645787,
            27.8363403
          ],
          [
            95.264505,
            27.8364089
          ],
          [
            95.2644171,
            27.8364899
          ],
          [
            95.2643331,
            27.8365675
          ],
          [
            95.2642466,
            27.8366428
          ],
          [
            95.2641563,
            27.8367227
          ],
          [
            95.264076,
            27.8367981
          ],
          [
            95.2639806,
            27.8368816
          ],
          [
            95.2638903,
            27.8369583
          ],
          [
            95.2637993,
            27.8370421
          ],
          [
            95.2636994,
            27.8371336
          ],
          [
            95.2636357,
            27.8371895
          ],
          [
            95.2635854,
            27.8372548
          ],
          [
            95.2635128,
            27.8373369
          ],
          [
            95.2634166,
            27.8374467
          ],
          [
            95.2633338,
            27.8375463
          ],
          [
            95.2632434,
            27.8376527
          ],
          [
            95.2631656,
            27.8377602
          ],
          [
            95.2631121,
            27.8378396
          ],
          [
            95.2630559,
            27.8379201
          ],
          [
            95.2629891,
            27.8380197
          ],
          [
            95.2629247,
            27.8381115
          ],
          [
            95.2628673,
            27.8381948
          ],
          [
            95.2627971,
            27.8382931
          ],
          [
            95.2627216,
            27.8383952
          ],
          [
            95.2626665,
            27.8384701
          ],
          [
            95.2625833,
            27.8385826
          ],
          [
            95.2625321,
            27.8386587
          ]
        ]
      },
      "properties": {
        "id": "1576361",
        "risk": "Low",
        "status": "Open",
        "type": "road"
      }
    },
    {
      "type": "Feature",
      "geometry": {
        "type": "LineString",
        "coordinates": [
          [
            95.2625321,
            27.8386587
          ],
          [
            95.2624624,
            27.8387294
          ],
          [
            95.2623793,
            27.8388117
          ],
          [
            95.2623181,
            27.8388781
          ],
          [
            95.2622368,
            27.8389636
          ],
          [
            95.2621298,
            27.8390536
          ],
          [
            95.2620432,
            27.8391165
          ],
          [
            95.2619402,
            27.8391885
          ],
          [
            95.2618473,
            27.8392548
          ],
          [
            95.2617514,
            27.839307
          ],
          [
            95.2616401,
            27.8393687
          ],
          [
            95.2615162,
            27.8394333
          ],
          [
            95.2614368,
            27.839477
          ],
          [
            95.2613599,
            27.8395169
          ],
          [
            95.2612417,
            27.8395775
          ],
          [
            95.2611165,
            27.8396308
          ],
          [
            95.2610161,
            27.83967
          ],
          [
            95.2609297,
            27.8397093
          ],
          [
            95.260823,
            27.8397541
          ],
          [
            95.2607417,
            27.8397866
          ],
          [
            95.2606438,
            27.8398286
          ],
          [
            95.2605281,
            27.8398757
          ],
          [
            95.2604087,
            27.8399239
          ],
          [
            95.2602988,
            27.839967
          ],
          [
            95.2601749,
            27.840013
          ],
          [
            95.2600555,
            27.8400623
          ],
          [
            95.2599627,
            27.8400981
          ],
          [
            95.2598801,
            27.8401318
          ],
          [
            95.2597676,
            27.8401879
          ],
          [
            95.2596653,
            27.8402451
          ],
          [
            95.259589,
            27.8402867
          ],
          [
            95.2595083,
            27.840331
          ],
          [
            95.2594162,
            27.8403821
          ],
          [
            95.2593103,
            27.8404374
          ],
          [
            95.2591937,
            27.8405164
          ],
          [
            95.2591058,
            27.8405889
          ],
          [
            95.2590067,
            27.8406744
          ],
          [
            95.2589417,
            27.8407339
          ]
        ]
      },
      "properties": {
        "id": "1549203",
        "risk": "Low",
        "status": "Open",
        "type": "road"
      }
    },
    {
      "type": "Feature",
      "geometry": {
        "type": "LineString",
        "coordinates": [
          [
            95.2504089,
            27.8511499
          ],
          [
            95.2506203,
            27.8508911
          ],
          [
            95.2506961,
            27.8507859
          ],
          [
            95.2507695,
            27.8506896
          ],
          [
            95.2508555,
            27.8505725
          ],
          [
            95.2509514,
            27.8504439
          ],
          [
            95.2510213,
            27.8503479
          ],
          [
            95.2510793,
            27.850268
          ],
          [
            95.2511468,
            27.8501808
          ],
          [
            95.2512176,
            27.850082
          ],
          [
            95.2513196,
            27.849937
          ],
          [
            95.2513885,
            27.8498374
          ],
          [
            95.2514509,
            27.8497473
          ],
          [
            95.2515122,
            27.849655
          ],
          [
            95.2515856,
            27.8495486
          ],
          [
            95.2516538,
            27.8494455
          ],
          [
            95.251706,
            27.8493734
          ],
          [
            95.2517628,
            27.8492868
          ],
          [
            95.2518336,
            27.8491843
          ],
          [
            95.2518999,
            27.8490847
          ],
          [
            95.2519624,
            27.8489974
          ],
          [
            95.2520134,
            27.8489208
          ],
          [
            95.2520848,
            27.848818
          ],
          [
            95.2521535,
            27.8487227
          ],
          [
            95.2522015,
            27.8486562
          ],
          [
            95.2522544,
            27.8485831
          ],
          [
            95.2523229,
            27.8484903
          ],
          [
            95.2524166,
            27.8483593
          ],
          [
            95.2524792,
            27.8482742
          ],
          [
            95.2525406,
            27.8481898
          ],
          [
            95.2526118,
            27.8480928
          ],
          [
            95.252714,
            27.8479667
          ],
          [
            95.2528082,
            27.8478542
          ],
          [
            95.2528904,
            27.8477568
          ],
          [
            95.2529542,
            27.8476792
          ],
          [
            95.253023,
            27.8476004
          ],
          [
            95.2530994,
            27.8475086
          ],
          [
            95.2531892,
            27.8474056
          ],
          [
            95.2532624,
            27.847328
          ],
          [
            95.2533286,
            27.8472661
          ],
          [
            95.2533993,
            27.8471845
          ],
          [
            95.2535073,
            27.8470766
          ],
          [
            95.253612,
            27.8469668
          ],
          [
            95.2537119,
            27.8468763
          ],
          [
            95.2538213,
            27.8467914
          ],
          [
            95.2538933,
            27.846729
          ],
          [
            95.253988,
            27.8466593
          ],
          [
            95.2540771,
            27.8465902
          ],
          [
            95.254156,
            27.8465264
          ],
          [
            95.2542323,
            27.8464654
          ],
          [
            95.2543118,
            27.8464047
          ],
          [
            95.2543977,
            27.8463344
          ],
          [
            95.2544747,
            27.8462766
          ],
          [
            95.2545638,
            27.8461972
          ],
          [
            95.2546612,
            27.8460971
          ],
          [
            95.2547351,
            27.8460257
          ],
          [
            95.2548216,
            27.8459436
          ],
          [
            95.2549248,
            27.845844
          ],
          [
            95.2550267,
            27.8457405
          ],
          [
            95.2551081,
            27.8456612
          ],
          [
            95.2551724,
            27.8455987
          ],
          [
            95.2552469,
            27.8455267
          ],
          [
            95.2553156,
            27.8454626
          ],
          [
            95.255378,
            27.8453946
          ],
          [
            95.25545,
            27.8453276
          ],
          [
            95.2555232,
            27.84525
          ],
          [
            95.2555856,
            27.8451819
          ],
          [
            95.2556449,
            27.8451172
          ],
          [
            95.2557057,
            27.8450531
          ],
          [
            95.2557588,
            27.8449911
          ],
          [
            95.2558148,
            27.8449311
          ],
          [
            95.2558665,
            27.8448651
          ],
          [
            95.255929,
            27.8447666
          ],
          [
            95.2559845,
            27.8446821
          ],
          [
            95.2560362,
            27.8446005
          ],
          [
            95.2561114,
            27.8444859
          ],
          [
            95.2561625,
            27.844382
          ],
          [
            95.2562047,
            27.8442856
          ],
          [
            95.2562514,
            27.8441667
          ],
          [
            95.2562917,
            27.8440766
          ],
          [
            95.2563268,
            27.8439966
          ],
          [
            95.2563627,
            27.8439048
          ],
          [
            95.2564043,
            27.8438079
          ],
          [
            95.2564471,
            27.8437071
          ],
          [
            95.2564938,
            27.8435924
          ],
          [
            95.2565443,
            27.8434721
          ],
          [
            95.2565846,
            27.843378
          ],
          [
            95.2566141,
            27.8432822
          ],
          [
            95.2566545,
            27.8431583
          ],
          [
            95.256693,
            27.8430371
          ],
          [
            95.2567173,
            27.8429593
          ],
          [
            95.256759,
            27.8428348
          ],
          [
            95.2567917,
            27.8427339
          ],
          [
            95.256834,
            27.8426218
          ],
          [
            95.2568827,
            27.8425264
          ],
          [
            95.2569348,
            27.8424258
          ],
          [
            95.2569795,
            27.8423419
          ],
          [
            95.2570354,
            27.8422337
          ],
          [
            95.2571038,
            27.8421022
          ],
          [
            95.2571622,
            27.8419906
          ],
          [
            95.2572191,
            27.8418819
          ],
          [
            95.2572936,
            27.8417764
          ],
          [
            95.257358,
            27.8416903
          ],
          [
            95.2574319,
            27.8415946
          ],
          [
            95.2575052,
            27.8414989
          ],
          [
            95.2575619,
            27.8414224
          ],
          [
            95.2576307,
            27.8413329
          ],
          [
            95.2577027,
            27.8412394
          ],
          [
            95.2577852,
            27.84113
          ],
          [
            95.2578544,
            27.8410385
          ],
          [
            95.2579143,
            27.8409681
          ],
          [
            95.2579993,
            27.840886
          ],
          [
            95.2580925,
            27.8407977
          ],
          [
            95.2581815,
            27.8407365
          ],
          [
            95.2582806,
            27.8407052
          ],
          [
            95.2583796,
            27.8406885
          ],
          [
            95.2584951,
            27.8406854
          ],
          [
            95.2585954,
            27.8406845
          ],
          [
            95.2587033,
            27.8406871
          ],
          [
            95.2589417,
            27.8407339
          ]
        ]
      },
      "properties": {
        "id": "1568001",
        "risk": "Low",
        "status": "Open",
        "type": "road"
      }
    },
    {
      "type": "Feature",
      "geometry": {
        "type": "LineString",
        "coordinates": [
          [
            95.2589417,
            27.8407339
          ],
          [
            95.2588834,
            27.8407921
          ],
          [
            95.2588117,
            27.8408904
          ],
          [
            95.2587358,
            27.8409861
          ],
          [
            95.2586804,
            27.8410818
          ],
          [
            95.2586394,
            27.8411821
          ],
          [
            95.258601,
            27.8412813
          ],
          [
            95.2585729,
            27.841359
          ],
          [
            95.2585548,
            27.8414407
          ],
          [
            95.2585545,
            27.8415375
          ],
          [
            95.2585555,
            27.8416421
          ],
          [
            95.2585615,
            27.8417217
          ],
          [
            95.2585726,
            27.8418322
          ],
          [
            95.258583,
            27.8419326
          ],
          [
            95.258591,
            27.8420184
          ],
          [
            95.2585983,
            27.8420985
          ],
          [
            95.258612,
            27.8421837
          ],
          [
            95.2586294,
            27.8422774
          ],
          [
            95.2586431,
            27.8423693
          ],
          [
            95.258663,
            27.8424952
          ],
          [
            95.2586855,
            27.8426261
          ],
          [
            95.2587028,
            27.8427259
          ],
          [
            95.2587234,
            27.8428512
          ],
          [
            95.2587579,
            27.8429602
          ],
          [
            95.2587931,
            27.8430471
          ],
          [
            95.2588258,
            27.8431363
          ],
          [
            95.2588599,
            27.8432323
          ],
          [
            95.2588951,
            27.843326
          ],
          [
            95.2589328,
            27.8434129
          ],
          [
            95.2589813,
            27.8435383
          ],
          [
            95.2590291,
            27.8436664
          ],
          [
            95.2590725,
            27.8437709
          ],
          [
            95.2591191,
            27.84389
          ],
          [
            95.2591543,
            27.8439865
          ],
          [
            95.2591971,
            27.8440888
          ],
          [
            95.2592399,
            27.8441819
          ],
          [
            95.2592739,
            27.8442677
          ],
          [
            95.2593155,
            27.8443682
          ],
          [
            95.2593487,
            27.8444512
          ],
          [
            95.2593942,
            27.8445591
          ],
          [
            95.2594395,
            27.8446697
          ],
          [
            95.2594949,
            27.844801
          ],
          [
            95.2595408,
            27.8449182
          ],
          [
            95.2595736,
            27.8449904
          ],
          [
            95.2596094,
            27.8450785
          ],
          [
            95.2596415,
            27.8451581
          ],
          [
            95.2596724,
            27.8452349
          ],
          [
            95.2597083,
            27.8453241
          ],
          [
            95.2597372,
            27.8454037
          ],
          [
            95.2597718,
            27.8454861
          ],
          [
            95.2598152,
            27.8455985
          ],
          [
            95.2598402,
            27.8456973
          ],
          [
            95.2598584,
            27.8457853
          ],
          [
            95.2598827,
            27.8459095
          ],
          [
            95.2599027,
            27.8460098
          ],
          [
            95.2599209,
            27.8460979
          ],
          [
            95.2599376,
            27.8461848
          ],
          [
            95.2599551,
            27.8462649
          ],
          [
            95.259969,
            27.8463911
          ],
          [
            95.2599772,
            27.8465019
          ],
          [
            95.2599845,
            27.8465944
          ],
          [
            95.2599918,
            27.8466908
          ],
          [
            95.2599972,
            27.8467772
          ],
          [
            95.2600064,
            27.8468908
          ],
          [
            95.2600168,
            27.8470169
          ],
          [
            95.2600247,
            27.8471157
          ],
          [
            95.260032,
            27.8472059
          ],
          [
            95.2600355,
            27.8473015
          ],
          [
            95.2600338,
            27.8474349
          ],
          [
            95.2600334,
            27.8475482
          ],
          [
            95.2600331,
            27.847656
          ],
          [
            95.2600327,
            27.8477688
          ],
          [
            95.2600349,
            27.8478545
          ],
          [
            95.2600321,
            27.8479439
          ],
          [
            95.2600293,
            27.8480282
          ],
          [
            95.2600303,
            27.8481207
          ],
          [
            95.2600217,
            27.8482268
          ],
          [
            95.2600099,
            27.8483243
          ],
          [
            95.259995,
            27.8484314
          ],
          [
            95.25998,
            27.8485396
          ],
          [
            95.2599657,
            27.8486548
          ],
          [
            95.2599458,
            27.848817
          ],
          [
            95.2599325,
            27.848918
          ],
          [
            95.2599181,
            27.8490299
          ],
          [
            95.259905,
            27.8491463
          ],
          [
            95.259892,
            27.8492577
          ],
          [
            95.2598763,
            27.8494096
          ],
          [
            95.2598613,
            27.8495449
          ],
          [
            95.2598488,
            27.8496526
          ],
          [
            95.2598383,
            27.849766
          ],
          [
            95.2598239,
            27.8498903
          ],
          [
            95.2598063,
            27.8500381
          ],
          [
            95.2597951,
            27.850164
          ],
          [
            95.2597947,
            27.850296
          ],
          [
            95.2597943,
            27.8503964
          ],
          [
            95.259794,
            27.8504939
          ],
          [
            95.2597923,
            27.8506333
          ],
          [
            95.2597894,
            27.850745
          ],
          [
            95.2597776,
            27.8508504
          ],
          [
            95.2597633,
            27.8509491
          ],
          [
            95.2597522,
            27.851032
          ],
          [
            95.2597386,
            27.8511373
          ],
          [
            95.2597217,
            27.8512608
          ],
          [
            95.2597048,
            27.8513775
          ],
          [
            95.259686,
            27.8514895
          ],
          [
            95.2596529,
            27.8516383
          ],
          [
            95.2596236,
            27.851771
          ],
          [
            95.2595949,
            27.8518953
          ],
          [
            95.2595614,
            27.8520503
          ],
          [
            95.2595366,
            27.8521661
          ],
          [
            95.2595108,
            27.8522823
          ],
          [
            95.2594876,
            27.8523872
          ],
          [
            95.2594689,
            27.8524796
          ],
          [
            95.2594535,
            27.8526081
          ],
          [
            95.2594324,
            27.8527778
          ],
          [
            95.2594182,
            27.8528793
          ],
          [
            95.2594083,
            27.8529673
          ],
          [
            95.2593953,
            27.8530676
          ],
          [
            95.2593822,
            27.8531793
          ],
          [
            95.2593666,
            27.8533033
          ],
          [
            95.2593541,
            27.8534037
          ],
          [
            95.2593386,
            27.8535147
          ],
          [
            95.2592855,
            27.8539063
          ]
        ]
      },
      "properties": {
        "id": "1470816",
        "risk": "Low",
        "status": "Open",
        "type": "road"
      }
    },
    {
      "type": "Feature",
      "geometry": {
        "type": "LineString",
        "coordinates": [
          [
            95.2738392,
            27.8276731
          ],
          [
            95.2737656,
            27.8277912
          ],
          [
            95.2736797,
            27.8278762
          ],
          [
            95.2735448,
            27.8279976
          ],
          [
            95.2734488,
            27.8280724
          ],
          [
            95.2733187,
            27.8281683
          ],
          [
            95.2732173,
            27.8282456
          ],
          [
            95.2731244,
            27.8283141
          ],
          [
            95.2730367,
            27.8283748
          ],
          [
            95.2729471,
            27.8284361
          ],
          [
            95.2728733,
            27.8284873
          ],
          [
            95.2727843,
            27.8285485
          ],
          [
            95.2727124,
            27.8285979
          ],
          [
            95.2726381,
            27.8286474
          ],
          [
            95.2725643,
            27.828698
          ],
          [
            95.2724499,
            27.8287766
          ],
          [
            95.2723774,
            27.8288272
          ],
          [
            95.2723018,
            27.8288772
          ],
          [
            95.2722133,
            27.8289396
          ],
          [
            95.272125,
            27.8289975
          ],
          [
            95.2720303,
            27.8290576
          ],
          [
            95.2719528,
            27.8290946
          ],
          [
            95.2718384,
            27.8291434
          ],
          [
            95.2717253,
            27.8291967
          ],
          [
            95.271637,
            27.8292371
          ],
          [
            95.2715086,
            27.829296
          ],
          [
            95.2713988,
            27.8293425
          ],
          [
            95.2712983,
            27.8293925
          ],
          [
            95.2711916,
            27.8294435
          ],
          [
            95.271102,
            27.8294799
          ],
          [
            95.271001,
            27.8295265
          ],
          [
            95.2709235,
            27.8295635
          ],
          [
            95.2708434,
            27.8295972
          ],
          [
            95.2707412,
            27.8296133
          ],
          [
            95.2705972,
            27.8296298
          ],
          [
            95.2704982,
            27.8296392
          ],
          [
            95.270408,
            27.8296513
          ],
          [
            95.2703065,
            27.8296612
          ],
          [
            95.2702075,
            27.8296734
          ],
          [
            95.2700831,
            27.8296866
          ],
          [
            95.2699568,
            27.8297009
          ],
          [
            95.2698368,
            27.8297142
          ],
          [
            95.269743,
            27.8297235
          ],
          [
            95.269635,
            27.8297362
          ],
          [
            95.2695449,
            27.8297462
          ],
          [
            95.2694382,
            27.8297572
          ],
          [
            95.2693532,
            27.829784
          ],
          [
            95.269237,
            27.8298244
          ],
          [
            95.2691068,
            27.8298641
          ],
          [
            95.268987,
            27.8299049
          ],
          [
            95.2688457,
            27.829952
          ],
          [
            95.2676276,
            27.8315326
          ],
          [
            95.2675934,
            27.8316352
          ],
          [
            95.2675501,
            27.8317617
          ],
          [
            95.2675043,
            27.8318927
          ],
          [
            95.2674643,
            27.832002
          ],
          [
            95.26744,
            27.8320785
          ],
          [
            95.2674099,
            27.8321671
          ],
          [
            95.2673766,
            27.8322595
          ],
          [
            95.2673433,
            27.8323621
          ],
          [
            95.2665977,
            27.8339722
          ],
          [
            95.2661488,
            27.8354464
          ],
          [
            95.2659948,
            27.8355994
          ],
          [
            95.2658976,
            27.8356939
          ],
          [
            95.2658204,
            27.8357591
          ],
          [
            95.2656921,
            27.8358203
          ],
          [
            95.2655828,
            27.8358674
          ],
          [
            95.2654215,
            27.8358935
          ],
          [
            95.2651856,
            27.8358545
          ],
          [
            95.2650741,
            27.835831
          ]
        ]
      },
      "properties": {
        "id": "1570474",
        "risk": "Low",
        "status": "Open",
        "type": "road"
      }
    },
    {
      "type": "Feature",
      "geometry": {
        "type": "LineString",
        "coordinates": [
          [
            95.2738392,
            27.8276731
          ],
          [
            95.2735927,
            27.8277079
          ],
          [
            95.2733755,
            27.8277716
          ],
          [
            95.2731742,
            27.8278292
          ],
          [
            95.2729917,
            27.8278677
          ],
          [
            95.272865,
            27.8278877
          ],
          [
            95.272688,
            27.8279183
          ],
          [
            95.2725211,
            27.8279454
          ],
          [
            95.2724162,
            27.8279633
          ],
          [
            95.2723198,
            27.8279788
          ],
          [
            95.2722125,
            27.827996
          ],
          [
            95.2720894,
            27.8280177
          ],
          [
            95.2719485,
            27.8280444
          ],
          [
            95.271799,
            27.8280717
          ],
          [
            95.2716343,
            27.8281029
          ],
          [
            95.2714705,
            27.828134
          ],
          [
            95.2713518,
            27.8281557
          ],
          [
            95.2712464,
            27.8281758
          ],
          [
            95.2711537,
            27.8281947
          ],
          [
            95.2710417,
            27.8282122
          ],
          [
            95.2709197,
            27.8282321
          ],
          [
            95.2708293,
            27.8282446
          ],
          [
            95.2707189,
            27.8282601
          ],
          [
            95.2706027,
            27.8282745
          ],
          [
            95.2705095,
            27.8282822
          ],
          [
            95.2703998,
            27.8282883
          ],
          [
            95.2702242,
            27.8283012
          ],
          [
            95.2700939,
            27.8283082
          ],
          [
            95.2699968,
            27.8283125
          ],
          [
            95.2698382,
            27.8283166
          ],
          [
            95.2697145,
            27.8283231
          ],
          [
            95.2695973,
            27.8283439
          ],
          [
            95.2694433,
            27.8283782
          ],
          [
            95.2693087,
            27.8284348
          ],
          [
            95.2691745,
            27.828516
          ],
          [
            95.2690695,
            27.8286271
          ],
          [
            95.2689696,
            27.8287171
          ],
          [
            95.2688882,
            27.8287733
          ],
          [
            95.2687966,
            27.8288458
          ],
          [
            95.2687051,
            27.8289161
          ],
          [
            95.2686142,
            27.8289644
          ],
          [
            95.2685297,
            27.8290048
          ],
          [
            95.2684166,
            27.8290671
          ],
          [
            95.2682723,
            27.8291389
          ],
          [
            95.2681592,
            27.8291979
          ],
          [
            95.2680416,
            27.8292511
          ],
          [
            95.2679222,
            27.8292875
          ],
          [
            95.267827,
            27.8293188
          ],
          [
            95.2676746,
            27.8293562
          ],
          [
            95.2675375,
            27.8293813
          ],
          [
            95.2674175,
            27.8294029
          ],
          [
            95.2672667,
            27.8294262
          ],
          [
            95.2671234,
            27.8294388
          ],
          [
            95.2670196,
            27.8294499
          ],
          [
            95.2669015,
            27.8294578
          ],
          [
            95.2667606,
            27.8294695
          ],
          [
            95.2666173,
            27.8294748
          ],
          [
            95.2665234,
            27.8294814
          ],
          [
            95.2664244,
            27.8294766
          ],
          [
            95.2662867,
            27.8294643
          ],
          [
            95.2661707,
            27.8294511
          ],
          [
            95.266056,
            27.8294384
          ],
          [
            95.2659084,
            27.8294327
          ],
          [
            95.2657731,
            27.8294132
          ],
          [
            95.2657684,
            27.8294125
          ],
          [
            95.265634,
            27.829421
          ],
          [
            95.2655108,
            27.8294765
          ],
          [
            95.2654427,
            27.829546
          ],
          [
            95.2654182,
            27.8296714
          ],
          [
            95.2654031,
            27.8298138
          ],
          [
            95.2653868,
            27.8299697
          ],
          [
            95.265368,
            27.8300852
          ],
          [
            95.2653422,
            27.8302233
          ],
          [
            95.2653196,
            27.8303456
          ],
          [
            95.2652983,
            27.830446
          ],
          [
            95.2652782,
            27.8305588
          ],
          [
            95.2652493,
            27.830707
          ],
          [
            95.265226,
            27.8308271
          ],
          [
            95.2652106,
            27.8309151
          ],
          [
            95.2651886,
            27.8310278
          ],
          [
            95.2651705,
            27.8311248
          ],
          [
            95.265153,
            27.8312127
          ],
          [
            95.2651313,
            27.8313243
          ],
          [
            95.265115,
            27.831414
          ],
          [
            95.2651052,
            27.831503
          ],
          [
            95.2650941,
            27.8315938
          ],
          [
            95.2650843,
            27.8316833
          ],
          [
            95.2650694,
            27.8317926
          ],
          [
            95.2650576,
            27.8318994
          ],
          [
            95.2650446,
            27.8319986
          ],
          [
            95.2650322,
            27.8321069
          ],
          [
            95.2650186,
            27.8321982
          ],
          [
            95.2650055,
            27.8323037
          ],
          [
            95.2649887,
            27.8324159
          ],
          [
            95.2649744,
            27.832515
          ],
          [
            95.2649639,
            27.8325962
          ],
          [
            95.2649504,
            27.8326842
          ],
          [
            95.2649329,
            27.8328037
          ],
          [
            95.2649236,
            27.8329132
          ],
          [
            95.264934,
            27.8330525
          ],
          [
            95.2649418,
            27.8331772
          ],
          [
            95.2649484,
            27.8332849
          ],
          [
            95.2649563,
            27.8334157
          ],
          [
            95.2649648,
            27.8335167
          ],
          [
            95.2649709,
            27.8335968
          ],
          [
            95.2649744,
            27.833695
          ],
          [
            95.2651025,
            27.8352612
          ],
          [
            95.2651123,
            27.8353893
          ],
          [
            95.2651208,
            27.8354843
          ],
          [
            95.2651306,
            27.8356086
          ],
          [
            95.2651246,
            27.8357077
          ],
          [
            95.2650741,
            27.835831
          ]
        ]
      },
      "properties": {
        "id": "1574902",
        "risk": "Low",
        "status": "Open",
        "type": "road"
      }
    },
    {
      "type": "Feature",
      "geometry": {
        "type": "LineString",
        "coordinates": [
          [
            95.276683,
            27.8080578
          ],
          [
            95.2777186,
            27.8092724
          ],
          [
            95.2777737,
            27.8093709
          ],
          [
            95.2778307,
            27.809476
          ],
          [
            95.277874,
            27.8095559
          ],
          [
            95.2779143,
            27.8096319
          ],
          [
            95.2779762,
            27.8097423
          ],
          [
            95.2780373,
            27.8098535
          ],
          [
            95.2780815,
            27.8099281
          ],
          [
            95.2781172,
            27.8100024
          ],
          [
            95.2781419,
            27.8100816
          ],
          [
            95.2781531,
            27.8101595
          ],
          [
            95.2781667,
            27.8102746
          ],
          [
            95.2781841,
            27.8104055
          ],
          [
            95.2781976,
            27.8105127
          ],
          [
            95.2782088,
            27.8106018
          ],
          [
            95.2782181,
            27.8106819
          ],
          [
            95.2782329,
            27.8107886
          ],
          [
            95.278251,
            27.810907
          ],
          [
            95.278269,
            27.8110255
          ],
          [
            95.278287,
            27.8111434
          ],
          [
            95.2783082,
            27.8112808
          ],
          [
            95.2783256,
            27.81139
          ],
          [
            95.2783399,
            27.8114859
          ],
          [
            95.2783586,
            27.8116022
          ],
          [
            95.2783646,
            27.8116969
          ],
          [
            95.2783547,
            27.8118102
          ],
          [
            95.2783398,
            27.8119357
          ],
          [
            95.2783286,
            27.8120541
          ],
          [
            95.2783155,
            27.8121703
          ],
          [
            95.2783006,
            27.8123094
          ],
          [
            95.2782848,
            27.8124517
          ],
          [
            95.2782718,
            27.8125667
          ],
          [
            95.2782496,
            27.8126863
          ],
          [
            95.278207,
            27.8128037
          ],
          [
            95.2781789,
            27.8128792
          ],
          [
            95.2781431,
            27.8129667
          ],
          [
            95.2781098,
            27.8130497
          ],
          [
            95.2780697,
            27.8131558
          ],
          [
            95.2780164,
            27.8132923
          ],
          [
            95.2779774,
            27.8133906
          ],
          [
            95.2779486,
            27.8134742
          ],
          [
            95.2779306,
            27.8135587
          ],
          [
            95.27791,
            27.8136557
          ],
          [
            95.2778926,
            27.8137549
          ],
          [
            95.2778758,
            27.8138445
          ],
          [
            95.2778558,
            27.8139375
          ],
          [
            95.2778365,
            27.8140345
          ],
          [
            95.2778159,
            27.81414
          ],
          [
            95.2777899,
            27.8142411
          ],
          [
            95.2777651,
            27.8143502
          ],
          [
            95.2777375,
            27.8144579
          ],
          [
            95.2777169,
            27.8145399
          ],
          [
            95.2776845,
            27.8146684
          ],
          [
            95.2776597,
            27.8147729
          ],
          [
            95.2776404,
            27.814858
          ],
          [
            95.2776129,
            27.8149598
          ],
          [
            95.2775796,
            27.8150514
          ],
          [
            95.2775399,
            27.8151584
          ],
          [
            95.2774945,
            27.8152745
          ],
          [
            95.2774542,
            27.815381
          ],
          [
            95.2774075,
            27.8154999
          ],
          [
            95.2773723,
            27.8155923
          ],
          [
            95.2773379,
            27.8156752
          ],
          [
            95.2772962,
            27.8157816
          ],
          [
            95.2772515,
            27.8159011
          ],
          [
            95.277215,
            27.8159924
          ],
          [
            95.2771811,
            27.8160803
          ],
          [
            95.277146,
            27.8161738
          ],
          [
            95.2771153,
            27.8162505
          ],
          [
            95.276006,
            27.8184382
          ],
          [
            95.2753469,
            27.8198219
          ],
          [
            95.2746448,
            27.8213869
          ],
          [
            95.2745058,
            27.8214114
          ],
          [
            95.2744069,
            27.8213897
          ],
          [
            95.2743074,
            27.8213686
          ],
          [
            95.2741926,
            27.8213418
          ],
          [
            95.2740576,
            27.8213138
          ],
          [
            95.2739188,
            27.8212825
          ],
          [
            95.2737909,
            27.8212762
          ]
        ]
      },
      "properties": {
        "id": "1464493",
        "risk": "Low",
        "status": "Open",
        "type": "road"
      }
    },
    {
      "type": "Feature",
      "geometry": {
        "type": "LineString",
        "coordinates": [
          [
            95.276683,
            27.8080578
          ],
          [
            95.2760154,
            27.8085884
          ],
          [
            95.2757765,
            27.8090978
          ],
          [
            95.2758428,
            27.8091837
          ],
          [
            95.2759003,
            27.8092526
          ],
          [
            95.2759686,
            27.8093334
          ],
          [
            95.2760419,
            27.8094154
          ],
          [
            95.2761032,
            27.8094911
          ],
          [
            95.2761904,
            27.8095985
          ],
          [
            95.2762712,
            27.8097115
          ],
          [
            95.2763287,
            27.8097996
          ],
          [
            95.2763785,
            27.8098793
          ],
          [
            95.2764498,
            27.8099906
          ],
          [
            95.2765199,
            27.8101019
          ],
          [
            95.2765773,
            27.8101984
          ],
          [
            95.2766125,
            27.8102899
          ],
          [
            95.276639,
            27.8103768
          ],
          [
            95.2766691,
            27.8104705
          ],
          [
            95.2767005,
            27.8105546
          ],
          [
            95.2767216,
            27.8106694
          ],
          [
            95.2767379,
            27.8107964
          ],
          [
            95.2767524,
            27.8109166
          ],
          [
            95.2767626,
            27.8110054
          ],
          [
            95.2767743,
            27.8110988
          ],
          [
            95.2767879,
            27.8112193
          ],
          [
            95.2767972,
            27.8113005
          ],
          [
            95.276807,
            27.8113817
          ],
          [
            95.2768131,
            27.8114872
          ],
          [
            95.2768052,
            27.8115752
          ],
          [
            95.2767918,
            27.8116628
          ],
          [
            95.2767798,
            27.8117708
          ],
          [
            95.2767642,
            27.8119045
          ],
          [
            95.2767498,
            27.8120234
          ],
          [
            95.2767349,
            27.812141
          ],
          [
            95.2767186,
            27.812263
          ],
          [
            95.2767044,
            27.8123781
          ],
          [
            95.2766869,
            27.8124688
          ],
          [
            95.276667,
            27.8125587
          ],
          [
            95.2766406,
            27.812687
          ],
          [
            95.2766121,
            27.8128105
          ],
          [
            95.276584,
            27.8129367
          ],
          [
            95.2765569,
            27.8130618
          ],
          [
            95.2765331,
            27.8131746
          ],
          [
            95.2765119,
            27.8132687
          ],
          [
            95.2764821,
            27.8133755
          ],
          [
            95.2764343,
            27.8135195
          ],
          [
            95.2763921,
            27.8136463
          ],
          [
            95.276355,
            27.8137404
          ],
          [
            95.2763255,
            27.8138427
          ],
          [
            95.2763042,
            27.8139422
          ],
          [
            95.27629,
            27.8140195
          ],
          [
            95.2762688,
            27.8141113
          ],
          [
            95.2762495,
            27.8142003
          ],
          [
            95.2762289,
            27.8143094
          ],
          [
            95.2762083,
            27.8144084
          ],
          [
            95.2761908,
            27.8145056
          ],
          [
            95.2761644,
            27.8146266
          ],
          [
            95.2761451,
            27.8147218
          ],
          [
            95.2761172,
            27.8148174
          ],
          [
            95.2760753,
            27.8149386
          ],
          [
            95.276042,
            27.8150317
          ],
          [
            95.2760059,
            27.815129
          ],
          [
            95.2759623,
            27.8152544
          ],
          [
            95.2759179,
            27.8153769
          ],
          [
            95.2758839,
            27.8154843
          ],
          [
            95.2758551,
            27.8155694
          ],
          [
            95.2758273,
            27.815644
          ],
          [
            95.2757879,
            27.8157424
          ],
          [
            95.2757518,
            27.8158362
          ],
          [
            95.2757054,
            27.8159587
          ],
          [
            95.2756696,
            27.8160438
          ],
          [
            95.2756408,
            27.8161227
          ],
          [
            95.2755918,
            27.8162049
          ],
          [
            95.2755408,
            27.8162826
          ],
          [
            95.2754694,
            27.8163975
          ],
          [
            95.2753967,
            27.816496
          ],
          [
            95.2753248,
            27.8165804
          ],
          [
            95.2752669,
            27.8166429
          ],
          [
            95.2751898,
            27.816733
          ],
          [
            95.2751102,
            27.8168252
          ],
          [
            95.2750466,
            27.8168883
          ],
          [
            95.274948,
            27.8169867
          ],
          [
            95.274841,
            27.8170931
          ],
          [
            95.2747507,
            27.8171836
          ],
          [
            95.2746776,
            27.8172562
          ],
          [
            95.2746177,
            27.8173147
          ],
          [
            95.2745528,
            27.8173766
          ],
          [
            95.2744917,
            27.8174363
          ],
          [
            95.2744071,
            27.8175088
          ],
          [
            95.2742919,
            27.8176083
          ],
          [
            95.2741749,
            27.8177095
          ],
          [
            95.2740871,
            27.8177872
          ],
          [
            95.2740051,
            27.8178552
          ],
          [
            95.2739141,
            27.8179367
          ],
          [
            95.2738428,
            27.8180228
          ],
          [
            95.2737765,
            27.8181045
          ],
          [
            95.2737211,
            27.8181816
          ],
          [
            95.2736581,
            27.8182621
          ],
          [
            95.2736026,
            27.8183313
          ],
          [
            95.2735192,
            27.8184459
          ],
          [
            95.2734528,
            27.8185729
          ],
          [
            95.2733953,
            27.8186912
          ],
          [
            95.273362,
            27.8187836
          ],
          [
            95.2733548,
            27.818866
          ],
          [
            95.273345,
            27.8189742
          ],
          [
            95.273337,
            27.8190656
          ],
          [
            95.2733303,
            27.8191907
          ],
          [
            95.2733247,
            27.819335
          ],
          [
            95.2733255,
            27.8194189
          ],
          [
            95.2736887,
            27.821154
          ],
          [
            95.2737236,
            27.8212255
          ],
          [
            95.2737909,
            27.8212762
          ]
        ]
      },
      "properties": {
        "id": "1580382",
        "risk": "Low",
        "status": "Open",
        "type": "road"
      }
    },
    {
      "type": "Feature",
      "geometry": {
        "type": "LineString",
        "coordinates": [
          [
            95.2737909,
            27.8212762
          ],
          [
            95.2737984,
            27.8214215
          ],
          [
            95.2738394,
            27.8215315
          ],
          [
            95.2738833,
            27.821643
          ],
          [
            95.2739337,
            27.821772
          ],
          [
            95.2739665,
            27.8218567
          ],
          [
            95.2739953,
            27.8219324
          ],
          [
            95.2740351,
            27.8220295
          ],
          [
            95.2740769,
            27.8221356
          ],
          [
            95.2741294,
            27.8222734
          ],
          [
            95.2741565,
            27.8223502
          ],
          [
            95.2741892,
            27.8224331
          ],
          [
            95.2742181,
            27.8225172
          ],
          [
            95.2742549,
            27.8226265
          ],
          [
            95.2742961,
            27.8227447
          ],
          [
            95.2743263,
            27.8228344
          ],
          [
            95.2743526,
            27.8229135
          ],
          [
            95.2743828,
            27.8230038
          ],
          [
            95.2744123,
            27.8230857
          ],
          [
            95.2744419,
            27.8231737
          ],
          [
            95.2744777,
            27.8232787
          ],
          [
            95.2745117,
            27.8233741
          ],
          [
            95.2745565,
            27.8235231
          ],
          [
            95.2745825,
            27.8236462
          ],
          [
            95.2746037,
            27.8237443
          ],
          [
            95.2746288,
            27.8238589
          ],
          [
            95.2746569,
            27.8239926
          ],
          [
            95.2746794,
            27.8240931
          ],
          [
            95.2747013,
            27.8241913
          ],
          [
            95.2747245,
            27.8243058
          ],
          [
            95.2747519,
            27.8244283
          ],
          [
            95.2747769,
            27.82454
          ],
          [
            95.2747925,
            27.8246325
          ],
          [
            95.2748145,
            27.8247195
          ],
          [
            95.2748351,
            27.8248041
          ],
          [
            95.2748484,
            27.8249203
          ],
          [
            95.274861,
            27.8250434
          ],
          [
            95.2748721,
            27.8251471
          ],
          [
            95.27488,
            27.8252475
          ],
          [
            95.274893,
            27.825357
          ],
          [
            95.274901,
            27.8254517
          ],
          [
            95.2749114,
            27.8255736
          ],
          [
            95.2749224,
            27.8256853
          ],
          [
            95.2749298,
            27.8257722
          ],
          [
            95.2749433,
            27.8259076
          ],
          [
            95.2749537,
            27.8260249
          ],
          [
            95.2749451,
            27.8261298
          ],
          [
            95.2749372,
            27.8262184
          ],
          [
            95.2749287,
            27.8263224
          ],
          [
            95.2749162,
            27.826452
          ],
          [
            95.2748969,
            27.8265324
          ],
          [
            95.2748535,
            27.8266417
          ],
          [
            95.2747959,
            27.8267853
          ],
          [
            95.2747346,
            27.8269189
          ],
          [
            95.2746765,
            27.8270174
          ],
          [
            95.2745955,
            27.8271571
          ],
          [
            95.274491,
            27.8272995
          ],
          [
            95.2743864,
            27.8273805
          ],
          [
            95.2742462,
            27.8274682
          ],
          [
            95.274163,
            27.8274995
          ],
          [
            95.2740811,
            27.8275365
          ],
          [
            95.2739931,
            27.827573
          ],
          [
            95.2739116,
            27.8276016
          ],
          [
            95.2738392,
            27.8276731
          ]
        ]
      },
      "properties": {
        "id": "1551994",
        "risk": "Low",
        "status": "Open",
        "type": "road"
      }
    },
    {
      "type": "Feature",
      "geometry": {
        "type": "LineString",
        "coordinates": [
          [
            95.2625321,
            27.8386587
          ],
          [
            95.2631943,
            27.8386931
          ],
          [
            95.263292,
            27.8387086
          ],
          [
            95.2634245,
            27.8387307
          ],
          [
            95.2635837,
            27.838755
          ],
          [
            95.2637301,
            27.8387791
          ],
          [
            95.2638285,
            27.8387929
          ],
          [
            95.2640339,
            27.8388341
          ],
          [
            95.2643155,
            27.8388934
          ],
          [
            95.2645563,
            27.8389753
          ],
          [
            95.2646615,
            27.839015
          ],
          [
            95.2647432,
            27.8390569
          ],
          [
            95.2648628,
            27.8391277
          ],
          [
            95.2649881,
            27.8392538
          ],
          [
            95.2650411,
            27.83936
          ],
          [
            95.2650946,
            27.8394687
          ],
          [
            95.2651513,
            27.8395836
          ],
          [
            95.2651885,
            27.8396582
          ],
          [
            95.2652295,
            27.8397418
          ],
          [
            95.2652742,
            27.8398349
          ],
          [
            95.2653177,
            27.8399174
          ],
          [
            95.2653603,
            27.8400046
          ],
          [
            95.2657162,
            27.8406588
          ],
          [
            95.266296,
            27.8417275
          ],
          [
            95.2663689,
            27.8418021
          ],
          [
            95.2664364,
            27.8418598
          ],
          [
            95.266524,
            27.8418803
          ],
          [
            95.2666102,
            27.8418964
          ],
          [
            95.2666977,
            27.8419056
          ],
          [
            95.2668227,
            27.8419251
          ],
          [
            95.2669463,
            27.8419593
          ],
          [
            95.2670838,
            27.8420047
          ],
          [
            95.2672226,
            27.8420541
          ],
          [
            95.2672985,
            27.8421175
          ],
          [
            95.2673548,
            27.8421831
          ],
          [
            95.2674319,
            27.8422707
          ],
          [
            95.2675173,
            27.8423651
          ],
          [
            95.267588,
            27.8424448
          ],
          [
            95.2676544,
            27.842524
          ],
          [
            95.267698,
            27.8425917
          ],
          [
            95.2677466,
            27.8426754
          ],
          [
            95.2678191,
            27.842803
          ],
          [
            95.2678756,
            27.8429282
          ],
          [
            95.2679206,
            27.843058
          ],
          [
            95.2679569,
            27.8431688
          ],
          [
            95.2679852,
            27.8432529
          ],
          [
            95.2680122,
            27.8433291
          ],
          [
            95.2680418,
            27.8434153
          ],
          [
            95.2680713,
            27.8435063
          ],
          [
            95.2681053,
            27.8436044
          ],
          [
            95.2681429,
            27.8437316
          ],
          [
            95.2681622,
            27.8438382
          ],
          [
            95.2681816,
            27.8439223
          ],
          [
            95.2681978,
            27.8440087
          ],
          [
            95.2682147,
            27.844104
          ],
          [
            95.2682334,
            27.8442028
          ],
          [
            95.2682807,
            27.8442914
          ],
          [
            95.2683921,
            27.8443729
          ],
          [
            95.2684991,
            27.8444527
          ],
          [
            95.2685916,
            27.8445127
          ],
          [
            95.2686811,
            27.8445671
          ],
          [
            95.2687702,
            27.8446142
          ],
          [
            95.2688525,
            27.8446616
          ],
          [
            95.2689511,
            27.8447167
          ],
          [
            95.2690913,
            27.8447955
          ],
          [
            95.2691916,
            27.8448546
          ],
          [
            95.2692984,
            27.8449133
          ],
          [
            95.269392,
            27.8449649
          ],
          [
            95.2694725,
            27.8450085
          ],
          [
            95.2695651,
            27.8450561
          ],
          [
            95.2696443,
            27.8450986
          ],
          [
            95.2697253,
            27.8451377
          ],
          [
            95.2698001,
            27.8451791
          ],
          [
            95.2698853,
            27.845223
          ],
          [
            95.2699863,
            27.8452743
          ],
          [
            95.2700668,
            27.8453173
          ],
          [
            95.270195,
            27.8453842
          ],
          [
            95.2703094,
            27.8454443
          ],
          [
            95.2704209,
            27.8454931
          ],
          [
            95.2705452,
            27.845529
          ],
          [
            95.2706707,
            27.8455563
          ],
          [
            95.2707918,
            27.8455865
          ],
          [
            95.2709408,
            27.8456236
          ],
          [
            95.2710765,
            27.8456578
          ],
          [
            95.2711975,
            27.8456868
          ],
          [
            95.2712908,
            27.8457119
          ],
          [
            95.2713947,
            27.8457358
          ],
          [
            95.2715241,
            27.8457638
          ],
          [
            95.2716734,
            27.8458017
          ],
          [
            95.2718276,
            27.8458069
          ],
          [
            95.271939,
            27.8458071
          ],
          [
            95.2720551,
            27.8458029
          ],
          [
            95.272168,
            27.8458009
          ],
          [
            95.2722683,
            27.8457989
          ],
          [
            95.27238,
            27.845797
          ],
          [
            95.2724967,
            27.845795
          ],
          [
            95.272585,
            27.8457918
          ],
          [
            95.2726846,
            27.8457909
          ],
          [
            95.2727785,
            27.8457884
          ],
          [
            95.2728725,
            27.8457869
          ],
          [
            95.2729733,
            27.8457827
          ],
          [
            95.2731056,
            27.8457779
          ],
          [
            95.2732322,
            27.8457743
          ],
          [
            95.2733236,
            27.8457711
          ],
          [
            95.2734702,
            27.8457673
          ],
          [
            95.273611,
            27.8457628
          ],
          [
            95.2737185,
            27.8457592
          ],
          [
            95.2738313,
            27.845751
          ],
          [
            95.2739506,
            27.8457394
          ],
          [
            95.2740864,
            27.8457276
          ],
          [
            95.2742527,
            27.8457097
          ],
          [
            95.2743682,
            27.8457004
          ],
          [
            95.2744685,
            27.8456894
          ],
          [
            95.2745904,
            27.8456773
          ],
          [
            95.2747123,
            27.8456657
          ],
          [
            95.274834,
            27.8456548
          ],
          [
            95.2749706,
            27.845641
          ],
          [
            95.2751033,
            27.8456272
          ],
          [
            95.2752035,
            27.845619
          ],
          [
            95.275326,
            27.8456069
          ],
          [
            95.2754491,
            27.8455977
          ],
          [
            95.2755691,
            27.8455906
          ],
          [
            95.2756694,
            27.8455841
          ],
          [
            95.2757652,
            27.8455854
          ],
          [
            95.2758711,
            27.8456043
          ],
          [
            95.2759998,
            27.8456272
          ],
          [
            95.276119,
            27.8456495
          ],
          [
            95.2762116,
            27.8456644
          ],
          [
            95.2763061,
            27.8456816
          ],
          [
            95.2763955,
            27.8457037
          ],
          [
            95.276502,
            27.845739
          ],
          [
            95.2766256,
            27.8457822
          ],
          [
            95.2767365,
            27.8458197
          ],
          [
            95.2768595,
            27.84586
          ],
          [
            95.2770053,
            27.84591
          ],
          [
            95.2771206,
            27.8459453
          ],
          [
            95.2772341,
            27.8459845
          ],
          [
            95.2773428,
            27.84602
          ],
          [
            95.2774604,
            27.8460584
          ],
          [
            95.2775536,
            27.8460896
          ],
          [
            95.2776585,
            27.8461228
          ],
          [
            95.2777634,
            27.8461561
          ],
          [
            95.2778629,
            27.8461896
          ],
          [
            95.278009,
            27.8462258
          ],
          [
            95.2781406,
            27.8462462
          ],
          [
            95.278251,
            27.846265
          ],
          [
            95.2783462,
            27.8462805
          ],
          [
            95.2784362,
            27.8462926
          ],
          [
            95.2785263,
            27.846308
          ],
          [
            95.2786214,
            27.8463257
          ],
          [
            95.2787166,
            27.8463305
          ],
          [
            95.2788365,
            27.8463178
          ],
          [
            95.278959,
            27.8463045
          ],
          [
            95.2790618,
            27.8462929
          ],
          [
            95.2791627,
            27.8462825
          ],
          [
            95.2792827,
            27.846271
          ],
          [
            95.2793938,
            27.8462588
          ],
          [
            95.2795099,
            27.8462478
          ],
          [
            95.2796197,
            27.8462379
          ],
          [
            95.2797359,
            27.8462281
          ],
          [
            95.2798413,
            27.8462204
          ],
          [
            95.2799339,
            27.8462105
          ],
          [
            95.2800716,
            27.8462013
          ],
          [
            95.2801928,
            27.8461886
          ],
          [
            95.2803154,
            27.8461799
          ],
          [
            95.2822608,
            27.8455631
          ],
          [
            95.2824132,
            27.8455183
          ],
          [
            95.2825174,
            27.8454904
          ],
          [
            95.2826247,
            27.8454619
          ],
          [
            95.2827637,
            27.8454239
          ],
          [
            95.2828692,
            27.8453954
          ],
          [
            95.2829784,
            27.8453657
          ],
          [
            95.2830939,
            27.8453655
          ],
          [
            95.2832173,
            27.8453765
          ],
          [
            95.2833426,
            27.8453881
          ],
          [
            95.2834542,
            27.8453974
          ],
          [
            95.2835525,
            27.8454072
          ],
          [
            95.2836724,
            27.8454278
          ],
          [
            95.2838043,
            27.8454512
          ],
          [
            95.2839426,
            27.845473
          ],
          [
            95.2840682,
            27.8454936
          ],
          [
            95.284162,
            27.845509
          ],
          [
            95.284268,
            27.8455223
          ],
          [
            95.2843868,
            27.8455257
          ],
          [
            95.2844881,
            27.8455251
          ],
          [
            95.2845915,
            27.8455225
          ],
          [
            95.2846987,
            27.8455216
          ],
          [
            95.2848329,
            27.8455231
          ],
          [
            95.2849773,
            27.8455246
          ],
          [
            95.2850846,
            27.8455214
          ],
          [
            95.2851912,
            27.84552
          ],
          [
            95.285313,
            27.8455203
          ],
          [
            95.2854381,
            27.8455031
          ],
          [
            95.2855707,
            27.8454843
          ],
          [
            95.285692,
            27.8454631
          ],
          [
            95.2858196,
            27.8454443
          ],
          [
            95.2859084,
            27.8454276
          ],
          [
            95.2860075,
            27.8454132
          ],
          [
            95.2861414,
            27.8453914
          ],
          [
            95.2862595,
            27.8453647
          ],
          [
            95.2863675,
            27.8453254
          ],
          [
            95.286473,
            27.8452862
          ],
          [
            95.2865835,
            27.845243
          ],
          [
            95.2867131,
            27.8451949
          ],
          [
            95.2868376,
            27.8451382
          ],
          [
            95.2869673,
            27.8450674
          ],
          [
            95.2870817,
            27.8450029
          ],
          [
            95.287198,
            27.8449411
          ],
          [
            95.287285,
            27.8448917
          ],
          [
            95.2873957,
            27.8448293
          ],
          [
            95.2875126,
            27.8447614
          ],
          [
            95.2876105,
            27.844712
          ],
          [
            95.2876938,
            27.8446637
          ],
          [
            95.2877815,
            27.8446148
          ],
          [
            95.2893162,
            27.8436174
          ],
          [
            95.2894027,
            27.8435487
          ],
          [
            95.289479,
            27.8434914
          ],
          [
            95.2895554,
            27.8434262
          ],
          [
            95.2896374,
            27.8433649
          ],
          [
            95.2897309,
            27.8432879
          ],
          [
            95.2898187,
            27.8432181
          ],
          [
            95.2913519,
            27.842299
          ],
          [
            95.292705,
            27.8413141
          ],
          [
            95.2944094,
            27.8399871
          ],
          [
            95.2961181,
            27.8389353
          ],
          [
            95.2984129,
            27.8376367
          ],
          [
            95.2985343,
            27.8375681
          ],
          [
            95.2986322,
            27.8375159
          ],
          [
            95.2987059,
            27.8374704
          ],
          [
            95.2988038,
            27.8374187
          ],
          [
            95.2989042,
            27.8373637
          ],
          [
            95.2989906,
            27.837316
          ],
          [
            95.2990681,
            27.8372704
          ],
          [
            95.2991648,
            27.8372177
          ],
          [
            95.2992785,
            27.8371536
          ],
          [
            95.2993554,
            27.8371087
          ],
          [
            95.2994317,
            27.8370671
          ],
          [
            95.2995505,
            27.8369958
          ],
          [
            95.299658,
            27.8369159
          ],
          [
            95.2997368,
            27.8368569
          ],
          [
            95.2998118,
            27.8368035
          ],
          [
            95.2999085,
            27.8367304
          ],
          [
            95.3000109,
            27.8366511
          ],
          [
            95.3000903,
            27.836596
          ],
          [
            95.300166,
            27.8365353
          ],
          [
            95.3002614,
            27.8364655
          ],
          [
            95.3003822,
            27.836375
          ],
          [
            95.3004693,
            27.8363081
          ],
          [
            95.3005393,
            27.8362597
          ],
          [
            95.3006139,
            27.8361956
          ],
          [
            95.3007043,
            27.8361225
          ],
          [
            95.3007937,
            27.8360449
          ],
          [
            95.3008844,
            27.835966
          ],
          [
            95.3009799,
            27.8358836
          ],
          [
            95.3010767,
            27.8357996
          ],
          [
            95.3011531,
            27.835735
          ],
          [
            95.3012365,
            27.8356622
          ],
          [
            95.3012999,
            27.8356084
          ],
          [
            95.3023207,
            27.8389542
          ],
          [
            95.3028531,
            27.840864
          ],
          [
            95.3030914,
            27.8432683
          ],
          [
            95.3030485,
            27.843421
          ],
          [
            95.303009,
            27.843558
          ],
          [
            95.302968,
            27.8436978
          ],
          [
            95.3029398,
            27.8438048
          ],
          [
            95.3016873,
            27.8455584
          ],
          [
            95.3007448,
            27.8467428
          ],
          [
            95.2997635,
            27.8481347
          ],
          [
            95.2996922,
            27.8482226
          ],
          [
            95.2996221,
            27.8483093
          ],
          [
            95.2995412,
            27.8484179
          ],
          [
            95.2994577,
            27.8485221
          ],
          [
            95.2993839,
            27.8486155
          ],
          [
            95.2993291,
            27.8486909
          ],
          [
            95.2992769,
            27.8487546
          ],
          [
            95.2992196,
            27.8488283
          ],
          [
            95.2991686,
            27.8488942
          ],
          [
            95.2990947,
            27.8489877
          ],
          [
            95.2990272,
            27.8490704
          ],
          [
            95.2989552,
            27.8491659
          ],
          [
            95.2988901,
            27.8492923
          ],
          [
            95.2988714,
            27.8493814
          ],
          [
            95.2988573,
            27.8494614
          ],
          [
            95.2988335,
            27.8495714
          ],
          [
            95.298766,
            27.8498786
          ]
        ]
      },
      "properties": {
        "id": "1569509",
        "risk": "Low",
        "status": "Open",
        "type": "road"
      }
    },
    {
      "type": "Feature",
      "geometry": {
        "type": "LineString",
        "coordinates": [
          [
            95.291015,
            27.8637354
          ],
          [
            95.2961249,
            27.865401
          ],
          [
            95.2973078,
            27.8657845
          ],
          [
            95.3039328,
            27.8676055
          ]
        ]
      },
      "properties": {
        "id": "1564142",
        "risk": "Low",
        "status": "Open",
        "type": "road"
      }
    },
    {
      "type": "Feature",
      "geometry": {
        "type": "LineString",
        "coordinates": [
          [
            95.3086503,
            27.863947
          ],
          [
            95.308588,
            27.8638921
          ],
          [
            95.3085339,
            27.8638295
          ],
          [
            95.3081781,
            27.8634925
          ],
          [
            95.3080122,
            27.8633681
          ],
          [
            95.3079121,
            27.8632934
          ],
          [
            95.3077132,
            27.8631429
          ],
          [
            95.3075056,
            27.8629879
          ],
          [
            95.3073929,
            27.8628996
          ],
          [
            95.3073029,
            27.8628184
          ],
          [
            95.307241,
            27.8627357
          ],
          [
            95.3072,
            27.8626398
          ],
          [
            95.3070835,
            27.862353
          ],
          [
            95.3070293,
            27.8622051
          ],
          [
            95.3069928,
            27.8620993
          ],
          [
            95.3069347,
            27.8619647
          ],
          [
            95.3066894,
            27.8616799
          ],
          [
            95.3065931,
            27.8615983
          ],
          [
            95.3064634,
            27.8614853
          ],
          [
            95.3063332,
            27.86137
          ],
          [
            95.306264,
            27.8612841
          ],
          [
            95.3061781,
            27.8611666
          ],
          [
            95.3061352,
            27.8610942
          ],
          [
            95.3060947,
            27.861013
          ],
          [
            95.3060392,
            27.8608956
          ],
          [
            95.3059813,
            27.8607691
          ],
          [
            95.3059434,
            27.8606922
          ],
          [
            95.3058368,
            27.8604518
          ],
          [
            95.3057921,
            27.860349
          ],
          [
            95.3057429,
            27.8602282
          ],
          [
            95.3056913,
            27.8601007
          ],
          [
            95.3056106,
            27.8598974
          ],
          [
            95.3055907,
            27.8597756
          ],
          [
            95.305567,
            27.8596221
          ],
          [
            95.3055359,
            27.8594189
          ],
          [
            95.305506,
            27.8592249
          ],
          [
            95.3054935,
            27.859129
          ],
          [
            95.3054691,
            27.8587719
          ],
          [
            95.305462,
            27.8585908
          ],
          [
            95.3054176,
            27.8581508
          ],
          [
            95.3053377,
            27.8579087
          ],
          [
            95.3052005,
            27.8577471
          ],
          [
            95.3050461,
            27.8575758
          ],
          [
            95.3049677,
            27.857482
          ],
          [
            95.3048614,
            27.8573667
          ],
          [
            95.3047957,
            27.85725
          ],
          [
            95.3047567,
            27.8571691
          ],
          [
            95.3047384,
            27.8569355
          ],
          [
            95.3047238,
            27.8566467
          ],
          [
            95.3047067,
            27.8564663
          ],
          [
            95.3047451,
            27.8563185
          ],
          [
            95.3047682,
            27.8562182
          ],
          [
            95.3047839,
            27.85611
          ],
          [
            95.3047968,
            27.8560039
          ],
          [
            95.3048357,
            27.8557424
          ],
          [
            95.304763,
            27.8554116
          ],
          [
            95.3046923,
            27.8552705
          ],
          [
            95.3046138,
            27.8551869
          ],
          [
            95.3045354,
            27.8551077
          ],
          [
            95.3044045,
            27.8549776
          ],
          [
            95.3043153,
            27.8548906
          ],
          [
            95.3041988,
            27.8547414
          ],
          [
            95.3041179,
            27.8546353
          ],
          [
            95.3040573,
            27.8545563
          ],
          [
            95.3039511,
            27.854416
          ],
          [
            95.3038424,
            27.8542669
          ],
          [
            95.3037665,
            27.854163
          ],
          [
            95.3036666,
            27.8540297
          ],
          [
            95.3035958,
            27.8539415
          ],
          [
            95.3035098,
            27.8538195
          ],
          [
            95.3034239,
            27.8536963
          ],
          [
            95.3033746,
            27.853607
          ],
          [
            95.3032939,
            27.8534692
          ],
          [
            95.3032433,
            27.8533811
          ],
          [
            95.3031512,
            27.8532219
          ],
          [
            95.3030993,
            27.8531411
          ],
          [
            95.3029855,
            27.8530298
          ],
          [
            95.3028715,
            27.8529246
          ],
          [
            95.3027096,
            27.8527685
          ],
          [
            95.3025994,
            27.8526679
          ],
          [
            95.3024804,
            27.852556
          ],
          [
            95.3024121,
            27.8524983
          ],
          [
            95.3023387,
            27.8524288
          ],
          [
            95.3022361,
            27.852332
          ],
          [
            95.3021551,
            27.8522642
          ],
          [
            95.3020671,
            27.8521952
          ],
          [
            95.3019171,
            27.8520798
          ],
          [
            95.3016233,
            27.8518569
          ],
          [
            95.3015371,
            27.8517845
          ],
          [
            95.3014618,
            27.8517251
          ],
          [
            95.3013738,
            27.8516556
          ],
          [
            95.3012599,
            27.8515662
          ],
          [
            95.301175,
            27.8515153
          ],
          [
            95.3010026,
            27.8514286
          ],
          [
            95.3008151,
            27.8513153
          ],
          [
            95.3007164,
            27.8512254
          ],
          [
            95.3006063,
            27.8511203
          ],
          [
            95.3005392,
            27.8510512
          ],
          [
            95.3004152,
            27.850936
          ],
          [
            95.3002874,
            27.8508104
          ],
          [
            95.3001678,
            27.8507001
          ],
          [
            95.3000886,
            27.8506666
          ],
          [
            95.3000189,
            27.8506194
          ],
          [
            95.2999099,
            27.8505828
          ],
          [
            95.2997844,
            27.8505284
          ],
          [
            95.2996716,
            27.8504808
          ],
          [
            95.2995886,
            27.8504428
          ],
          [
            95.2994421,
            27.8504092
          ],
          [
            95.2992544,
            27.8503738
          ],
          [
            95.2991377,
            27.8503532
          ],
          [
            95.299016,
            27.8503168
          ],
          [
            95.2988495,
            27.8502352
          ],
          [
            95.2987958,
            27.8500726
          ],
          [
            95.2987828,
            27.8499551
          ],
          [
            95.298766,
            27.8498786
          ]
        ]
      },
      "properties": {
        "id": "1517232",
        "risk": "Low",
        "status": "Open",
        "type": "road"
      }
    },
    {
      "type": "Feature",
      "geometry": {
        "type": "LineString",
        "coordinates": [
          [
            95.298766,
            27.8498786
          ],
          [
            95.2986997,
            27.8499913
          ],
          [
            95.2985797,
            27.8502143
          ],
          [
            95.2978166,
            27.8516269
          ],
          [
            95.2971122,
            27.8529384
          ],
          [
            95.2963621,
            27.8542485
          ],
          [
            95.2962882,
            27.8543409
          ],
          [
            95.2962092,
            27.8544455
          ],
          [
            95.2961226,
            27.8545514
          ],
          [
            95.2960537,
            27.8546437
          ],
          [
            95.2959544,
            27.8547766
          ],
          [
            95.2958793,
            27.8548695
          ],
          [
            95.2957761,
            27.8550086
          ],
          [
            95.2956993,
            27.855182
          ],
          [
            95.2956183,
            27.855438
          ],
          [
            95.2947452,
            27.8568448
          ],
          [
            95.2944963,
            27.8573032
          ],
          [
            95.2944331,
            27.8574187
          ],
          [
            95.2943239,
            27.8576199
          ],
          [
            95.2942576,
            27.8577483
          ],
          [
            95.2942097,
            27.8578435
          ],
          [
            95.2941625,
            27.8581519
          ],
          [
            95.2940399,
            27.8583636
          ],
          [
            95.2939891,
            27.8584403
          ],
          [
            95.2939227,
            27.858553
          ],
          [
            95.2938754,
            27.8586408
          ],
          [
            95.2938001,
            27.8587697
          ],
          [
            95.2937339,
            27.858883
          ],
          [
            95.2936726,
            27.8589855
          ],
          [
            95.2935884,
            27.859133
          ],
          [
            95.2935271,
            27.8592401
          ],
          [
            95.2934838,
            27.8593144
          ],
          [
            95.293443,
            27.859391
          ],
          [
            95.2933881,
            27.8594834
          ],
          [
            95.2932937,
            27.8596467
          ],
          [
            95.2932082,
            27.8597932
          ],
          [
            95.2931623,
            27.8598754
          ],
          [
            95.2931075,
            27.8599678
          ],
          [
            95.2930354,
            27.8600973
          ],
          [
            95.2928816,
            27.8603665
          ],
          [
            95.292814,
            27.8604871
          ],
          [
            95.2927439,
            27.8606076
          ],
          [
            95.2926825,
            27.8607157
          ],
          [
            95.2926162,
            27.8608306
          ],
          [
            95.2925651,
            27.8609185
          ],
          [
            95.2924835,
            27.8610672
          ],
          [
            95.292412,
            27.8611933
          ],
          [
            95.2923457,
            27.8613083
          ],
          [
            95.2922794,
            27.8614255
          ],
          [
            95.2922156,
            27.8615381
          ],
          [
            95.2921269,
            27.8616907
          ],
          [
            95.2920727,
            27.8617881
          ],
          [
            95.2920025,
            27.8619087
          ],
          [
            95.2919374,
            27.8620224
          ],
          [
            95.2917983,
            27.8622669
          ],
          [
            95.2916893,
            27.8624579
          ],
          [
            95.2915623,
            27.8626736
          ],
          [
            95.2915125,
            27.8627603
          ],
          [
            95.2914526,
            27.8628673
          ],
          [
            95.291015,
            27.8637354
          ]
        ]
      },
      "properties": {
        "id": "1577715",
        "risk": "Low",
        "status": "Open",
        "type": "road"
      }
    },
    {
      "type": "Feature",
      "geometry": {
        "type": "LineString",
        "coordinates": [
          [
            95.291015,
            27.8637354
          ],
          [
            95.2901846,
            27.8649533
          ],
          [
            95.2900964,
            27.8651438
          ],
          [
            95.2900038,
            27.865354
          ],
          [
            95.2899213,
            27.8655461
          ],
          [
            95.2898574,
            27.8656903
          ],
          [
            95.2897759,
            27.8665182
          ],
          [
            95.2896661,
            27.8676842
          ],
          [
            95.2896576,
            27.8679775
          ],
          [
            95.2896495,
            27.8681263
          ],
          [
            95.2896442,
            27.8682391
          ],
          [
            95.2896218,
            27.8683492
          ],
          [
            95.2895965,
            27.8684674
          ],
          [
            95.2895759,
            27.8685581
          ],
          [
            95.2895528,
            27.8686692
          ],
          [
            95.2895334,
            27.8687554
          ],
          [
            95.2895103,
            27.8688647
          ],
          [
            95.2894829,
            27.8689939
          ],
          [
            95.2894613,
            27.8691253
          ],
          [
            95.2894533,
            27.869229
          ],
          [
            95.2894478,
            27.8693576
          ],
          [
            95.2894424,
            27.8694705
          ],
          [
            95.2894331,
            27.8695944
          ],
          [
            95.2894417,
            27.8697231
          ],
          [
            95.2894589,
            27.8698855
          ],
          [
            95.2894739,
            27.8699938
          ],
          [
            95.2894888,
            27.8701022
          ],
          [
            95.2895074,
            27.8702252
          ],
          [
            95.2895211,
            27.8703177
          ],
          [
            95.2897544,
            27.8724942
          ],
          [
            95.2897655,
            27.8726024
          ],
          [
            95.2897754,
            27.8727176
          ],
          [
            95.2897877,
            27.8728101
          ],
          [
            95.2898026,
            27.87295
          ],
          [
            95.2897972,
            27.8730854
          ],
          [
            95.2899317,
            27.8755933
          ],
          [
            95.2899263,
            27.8756964
          ],
          [
            95.289922,
            27.8758712
          ],
          [
            95.2900559,
            27.8781981
          ],
          [
            95.2899063,
            27.8806749
          ],
          [
            95.289906,
            27.880756
          ],
          [
            95.2899106,
            27.8808886
          ],
          [
            95.289761,
            27.8833861
          ],
          [
            95.2897202,
            27.8836483
          ],
          [
            95.2896962,
            27.8838146
          ],
          [
            95.2896701,
            27.8840469
          ],
          [
            95.2896772,
            27.8842184
          ],
          [
            95.2896818,
            27.8843515
          ],
          [
            95.2896914,
            27.8845444
          ],
          [
            95.2896753,
            27.8848298
          ],
          [
            95.2896675,
            27.8849268
          ],
          [
            95.2896595,
            27.8850147
          ],
          [
            95.2896439,
            27.8851569
          ],
          [
            95.2896074,
            27.8854929
          ],
          [
            95.2895641,
            27.8856322
          ],
          [
            95.2895559,
            27.8857411
          ]
        ]
      },
      "properties": {
        "id": "1542781",
        "risk": "Low",
        "status": "Open",
        "type": "road"
      }
    },
    {
      "type": "Feature",
      "geometry": {
        "type": "LineString",
        "coordinates": [
          [
            95.2895559,
            27.8857411
          ],
          [
            95.2890292,
            27.8863738
          ]
        ]
      },
      "properties": {
        "id": "1576313",
        "risk": "Low",
        "status": "Open",
        "type": "road"
      }
    },
    {
      "type": "Feature",
      "geometry": {
        "type": "LineString",
        "coordinates": [
          [
            95.2895559,
            27.8857411
          ],
          [
            95.2896052,
            27.8857861
          ],
          [
            95.2896697,
            27.885837
          ],
          [
            95.2897356,
            27.8858947
          ],
          [
            95.2898274,
            27.88597
          ],
          [
            95.2899028,
            27.886048
          ],
          [
            95.2899831,
            27.8861311
          ],
          [
            95.2900887,
            27.8862425
          ],
          [
            95.2901717,
            27.8863312
          ],
          [
            95.2902745,
            27.88644
          ],
          [
            95.2922445,
            27.8883338
          ],
          [
            95.2923622,
            27.8884435
          ],
          [
            95.292499,
            27.8885702
          ],
          [
            95.2925813,
            27.8886414
          ],
          [
            95.2926956,
            27.8887367
          ],
          [
            95.2928199,
            27.8888439
          ],
          [
            95.2929016,
            27.8889151
          ],
          [
            95.2952509,
            27.8909356
          ]
        ]
      },
      "properties": {
        "id": "1511219",
        "risk": "Low",
        "status": "Open",
        "type": "road"
      }
    },
    {
      "type": "Feature",
      "geometry": {
        "type": "LineString",
        "coordinates": [
          [
            95.2970669,
            27.8936529
          ],
          [
            95.2969573,
            27.8934197
          ],
          [
            95.2964499,
            27.8921971
          ],
          [
            95.2963192,
            27.8920236
          ],
          [
            95.2961135,
            27.891807
          ]
        ]
      },
      "properties": {
        "id": "1538093",
        "risk": "Low",
        "status": "Open",
        "type": "road"
      }
    },
    {
      "type": "Feature",
      "geometry": {
        "type": "LineString",
        "coordinates": [
          [
            95.3011503,
            27.8977322
          ],
          [
            95.30099,
            27.8976228
          ],
          [
            95.3006733,
            27.8973537
          ],
          [
            95.3006006,
            27.8972701
          ],
          [
            95.3005203,
            27.8971791
          ],
          [
            95.300443,
            27.8970926
          ],
          [
            95.300362,
            27.8969966
          ],
          [
            95.3001798,
            27.8968067
          ],
          [
            95.3001044,
            27.896727
          ],
          [
            95.3000316,
            27.8966597
          ],
          [
            95.299962,
            27.8965834
          ],
          [
            95.2998912,
            27.8965104
          ],
          [
            95.2997759,
            27.8964053
          ],
          [
            95.299624,
            27.896247
          ],
          [
            95.2995697,
            27.89616
          ],
          [
            95.299418,
            27.895934
          ],
          [
            95.2993547,
            27.8958583
          ],
          [
            95.2992775,
            27.8957691
          ],
          [
            95.2992181,
            27.8957013
          ],
          [
            95.2991522,
            27.8956261
          ],
          [
            95.29912,
            27.8954698
          ],
          [
            95.2990927,
            27.8952885
          ],
          [
            95.2990277,
            27.8950817
          ],
          [
            95.298896,
            27.8949082
          ],
          [
            95.2987927,
            27.894773
          ]
        ]
      },
      "properties": {
        "id": "1554809",
        "risk": "Low",
        "status": "Open",
        "type": "road"
      }
    },
    {
      "type": "Feature",
      "geometry": {
        "type": "LineString",
        "coordinates": [
          [
            95.2890292,
            27.8863738
          ],
          [
            95.2887175,
            27.8868354
          ],
          [
            95.2886573,
            27.8869339
          ],
          [
            95.2886009,
            27.8870267
          ],
          [
            95.2885369,
            27.8871251
          ],
          [
            95.2884697,
            27.8872258
          ],
          [
            95.2883987,
            27.8873321
          ],
          [
            95.2883501,
            27.887403
          ],
          [
            95.2882931,
            27.887489
          ],
          [
            95.2882285,
            27.8875891
          ],
          [
            95.2881728,
            27.8876758
          ],
          [
            95.2881158,
            27.8877697
          ],
          [
            95.2880467,
            27.8878817
          ],
          [
            95.2879801,
            27.8879891
          ],
          [
            95.2879231,
            27.8880819
          ],
          [
            95.2878622,
            27.8881793
          ],
          [
            95.2877905,
            27.8882962
          ],
          [
            95.2877176,
            27.8884133
          ],
          [
            95.2876637,
            27.8885044
          ],
          [
            95.2876227,
            27.8885798
          ],
          [
            95.2875676,
            27.8886834
          ],
          [
            95.2874932,
            27.8888229
          ],
          [
            95.2874214,
            27.888958
          ],
          [
            95.2873598,
            27.8890717
          ],
          [
            95.28732,
            27.889156
          ],
          [
            95.2784005,
            27.903209
          ],
          [
            95.278283,
            27.9031705
          ],
          [
            95.2781745,
            27.9031356
          ],
          [
            95.2780406,
            27.9030907
          ],
          [
            95.2779268,
            27.9030544
          ],
          [
            95.2778428,
            27.9030255
          ],
          [
            95.2776851,
            27.9030395
          ],
          [
            95.2775066,
            27.902915
          ],
          [
            95.2773868,
            27.9028722
          ],
          [
            95.2773014,
            27.9028267
          ],
          [
            95.2772097,
            27.9027756
          ],
          [
            95.2771216,
            27.9027278
          ],
          [
            95.2770476,
            27.9026858
          ],
          [
            95.2769299,
            27.902621
          ],
          [
            95.2768349,
            27.9025675
          ],
          [
            95.2767456,
            27.9025187
          ],
          [
            95.2766666,
            27.9024743
          ],
          [
            95.2765627,
            27.9024169
          ],
          [
            95.2764539,
            27.9023561
          ],
          [
            95.2763577,
            27.9023021
          ],
          [
            95.2762785,
            27.9022583
          ],
          [
            95.2762001,
            27.9022152
          ],
          [
            95.2761184,
            27.9021719
          ],
          [
            95.2760241,
            27.9021236
          ],
          [
            95.275906,
            27.9020636
          ],
          [
            95.2758031,
            27.9020104
          ],
          [
            95.2757145,
            27.9019665
          ],
          [
            95.2756361,
            27.9019257
          ],
          [
            95.2755568,
            27.9018869
          ],
          [
            95.2754394,
            27.9018275
          ],
          [
            95.2753112,
            27.9017618
          ],
          [
            95.2751953,
            27.9017032
          ],
          [
            95.2750973,
            27.9016532
          ],
          [
            95.2749959,
            27.9016031
          ],
          [
            95.2748712,
            27.9015388
          ],
          [
            95.2747629,
            27.9014848
          ],
          [
            95.2746471,
            27.9014256
          ],
          [
            95.2745401,
            27.901371
          ],
          [
            95.2714132,
            27.8996734
          ],
          [
            95.2697499,
            27.8987582
          ],
          [
            95.26966,
            27.8987092
          ],
          [
            95.2695442,
            27.898649
          ],
          [
            95.2694112,
            27.8985785
          ],
          [
            95.2693068,
            27.8985227
          ],
          [
            95.2692271,
            27.8984807
          ],
          [
            95.2691498,
            27.8984408
          ],
          [
            95.2690688,
            27.8984044
          ],
          [
            95.268984,
            27.8983634
          ],
          [
            95.2688564,
            27.8982884
          ],
          [
            95.2687416,
            27.8982236
          ],
          [
            95.2686504,
            27.8981691
          ],
          [
            95.268546,
            27.8981069
          ],
          [
            95.2684264,
            27.8980395
          ],
          [
            95.2683391,
            27.8979872
          ],
          [
            95.2682461,
            27.8979316
          ],
          [
            95.2681454,
            27.8978741
          ],
          [
            95.2680461,
            27.8978168
          ],
          [
            95.267936,
            27.8977531
          ],
          [
            95.2678284,
            27.8976929
          ],
          [
            95.2677076,
            27.8976235
          ],
          [
            95.2676157,
            27.8975724
          ]
        ]
      },
      "properties": {
        "id": "1581435",
        "risk": "Low",
        "status": "Open",
        "type": "road"
      }
    },
    {
      "type": "Feature",
      "geometry": {
        "type": "LineString",
        "coordinates": [
          [
            95.2557631,
            27.8954083
          ],
          [
            95.2559055,
            27.895681
          ],
          [
            95.2563287,
            27.8960717
          ],
          [
            95.2586182,
            27.8972145
          ],
          [
            95.2603469,
            27.8981574
          ],
          [
            95.2623799,
            27.8992186
          ],
          [
            95.2641797,
            27.9001933
          ],
          [
            95.2659798,
            27.9010597
          ],
          [
            95.2682563,
            27.9022791
          ],
          [
            95.2742569,
            27.9053798
          ],
          [
            95.2752437,
            27.9058939
          ],
          [
            95.2773454,
            27.9069273
          ]
        ]
      },
      "properties": {
        "id": "1515129",
        "risk": "Low",
        "status": "Open",
        "type": "road"
      }
    },
    {
      "type": "Feature",
      "geometry": {
        "type": "LineString",
        "coordinates": [
          [
            95.2700398,
            27.8781896
          ],
          [
            95.2720021,
            27.8790202
          ],
          [
            95.2744601,
            27.8800856
          ],
          [
            95.2769769,
            27.8811491
          ],
          [
            95.2793203,
            27.8821438
          ],
          [
            95.2794428,
            27.8821977
          ],
          [
            95.2795838,
            27.8822564
          ],
          [
            95.2797211,
            27.8823171
          ],
          [
            95.2806855,
            27.8827316
          ],
          [
            95.2817548,
            27.8831932
          ],
          [
            95.2819002,
            27.8832552
          ],
          [
            95.2820219,
            27.8833065
          ],
          [
            95.2821081,
            27.8833439
          ],
          [
            95.282208,
            27.8833858
          ],
          [
            95.2823323,
            27.8834377
          ],
          [
            95.2824378,
            27.8834855
          ],
          [
            95.2842459,
            27.8842757
          ],
          [
            95.2843265,
            27.8843073
          ],
          [
            95.2844181,
            27.8843419
          ],
          [
            95.2845196,
            27.8843794
          ],
          [
            95.284605,
            27.8844126
          ],
          [
            95.2846978,
            27.8844456
          ],
          [
            95.2848124,
            27.8844891
          ],
          [
            95.2849062,
            27.8845249
          ],
          [
            95.2849887,
            27.8845554
          ],
          [
            95.2850778,
            27.8845887
          ],
          [
            95.285172,
            27.8846246
          ],
          [
            95.28526,
            27.88466
          ],
          [
            95.2853644,
            27.8847015
          ],
          [
            95.2854795,
            27.8847468
          ],
          [
            95.2855934,
            27.8847926
          ],
          [
            95.2857206,
            27.8848478
          ],
          [
            95.285807,
            27.8848917
          ],
          [
            95.2859129,
            27.8849353
          ],
          [
            95.2860266,
            27.8849872
          ],
          [
            95.2861344,
            27.8850326
          ],
          [
            95.2862639,
            27.8850929
          ],
          [
            95.2864043,
            27.8851528
          ],
          [
            95.2865122,
            27.8852061
          ],
          [
            95.2866256,
            27.8852542
          ],
          [
            95.2867443,
            27.8853082
          ],
          [
            95.2868752,
            27.8853618
          ],
          [
            95.2869896,
            27.8854127
          ],
          [
            95.2871216,
            27.8854708
          ],
          [
            95.2872417,
            27.8855241
          ],
          [
            95.2873562,
            27.8855706
          ],
          [
            95.2874586,
            27.885617
          ],
          [
            95.2875562,
            27.8856612
          ],
          [
            95.2876741,
            27.8857202
          ],
          [
            95.2877741,
            27.8857647
          ],
          [
            95.2878565,
            27.885805
          ],
          [
            95.2879379,
            27.8858449
          ],
          [
            95.2880564,
            27.8858988
          ],
          [
            95.2881558,
            27.885949
          ],
          [
            95.2882523,
            27.885994
          ],
          [
            95.288349,
            27.8860412
          ],
          [
            95.2884486,
            27.8860881
          ],
          [
            95.2885438,
            27.8861333
          ],
          [
            95.28863,
            27.8861736
          ],
          [
            95.2887209,
            27.8862186
          ],
          [
            95.2888117,
            27.8862625
          ],
          [
            95.2889404,
            27.8863232
          ],
          [
            95.2890292,
            27.8863738
          ]
        ]
      },
      "properties": {
        "id": "1567239",
        "risk": "Low",
        "status": "Open",
        "type": "road"
      }
    },
    {
      "type": "Feature",
      "geometry": {
        "type": "LineString",
        "coordinates": [
          [
            95.2592855,
            27.8539063
          ],
          [
            95.2633074,
            27.8551516
          ],
          [
            95.2678438,
            27.8565657
          ],
          [
            95.2689877,
            27.856961
          ],
          [
            95.2751465,
            27.8587289
          ],
          [
            95.2786346,
            27.8598096
          ],
          [
            95.2796065,
            27.8601368
          ],
          [
            95.2867006,
            27.8622963
          ],
          [
            95.2879622,
            27.8627019
          ],
          [
            95.291015,
            27.8637354
          ]
        ]
      },
      "properties": {
        "id": "1560470",
        "risk": "Low",
        "status": "Open",
        "type": "road"
      }
    },
    {
      "type": "Feature",
      "geometry": {
        "type": "LineString",
        "coordinates": [
          [
            95.2573537,
            27.8533313
          ],
          [
            95.2584066,
            27.8536641
          ],
          [
            95.2592855,
            27.8539063
          ]
        ]
      },
      "properties": {
        "id": "1579784",
        "risk": "Low",
        "status": "Open",
        "type": "road"
      }
    },
    {
      "type": "Feature",
      "geometry": {
        "type": "LineString",
        "coordinates": [
          [
            95.2573537,
            27.8533313
          ],
          [
            95.2570339,
            27.8542502
          ],
          [
            95.2564729,
            27.8560744
          ],
          [
            95.2558631,
            27.8581354
          ],
          [
            95.255808,
            27.8593486
          ],
          [
            95.2559081,
            27.8608058
          ],
          [
            95.2562533,
            27.8631648
          ],
          [
            95.2566806,
            27.8649523
          ],
          [
            95.2567994,
            27.8659118
          ],
          [
            95.2564053,
            27.8662166
          ],
          [
            95.2563397,
            27.8666347
          ],
          [
            95.2558487,
            27.8673574
          ],
          [
            95.2552952,
            27.868024
          ],
          [
            95.2544909,
            27.8686613
          ],
          [
            95.2538326,
            27.8690887
          ]
        ]
      },
      "properties": {
        "id": "1531103",
        "risk": "Low",
        "status": "Open",
        "type": "road"
      }
    },
    {
      "type": "Feature",
      "geometry": {
        "type": "LineString",
        "coordinates": [
          [
            95.1343739,
            27.7406121
          ],
          [
            95.1352086,
            27.7409391
          ],
          [
            95.1356281,
            27.7411408
          ],
          [
            95.1360433,
            27.7413256
          ],
          [
            95.1369115,
            27.7422175
          ],
          [
            95.1377463,
            27.7433472
          ],
          [
            95.1384141,
            27.7442986
          ],
          [
            95.1391487,
            27.7449824
          ],
          [
            95.1404175,
            27.7455471
          ],
          [
            95.1414191,
            27.7455471
          ],
          [
            95.1427547,
            27.7454578
          ],
          [
            95.1445242,
            27.7454873
          ],
          [
            95.14596,
            27.7457547
          ],
          [
            95.1467613,
            27.7457249
          ],
          [
            95.1469704,
            27.7456633
          ],
          [
            95.1469708,
            27.7456632
          ],
          [
            95.1471953,
            27.7456059
          ],
          [
            95.1479297,
            27.7452192
          ],
          [
            95.1486309,
            27.7451597
          ],
          [
            95.1497995,
            27.745219
          ],
          [
            95.150953,
            27.7452188
          ],
          [
            95.1520548,
            27.7450105
          ],
          [
            95.1530231,
            27.7449806
          ],
          [
            95.1539914,
            27.745248
          ],
          [
            95.1550266,
            27.7458252
          ]
        ]
      },
      "properties": {
        "id": "1565191",
        "risk": "Low",
        "status": "Open",
        "type": "road"
      }
    },
    {
      "type": "Feature",
      "geometry": {
        "type": "LineString",
        "coordinates": [
          [
            95.1343739,
            27.7406121
          ],
          [
            95.1342524,
            27.7402923
          ],
          [
            95.1337495,
            27.7394832
          ],
          [
            95.1333578,
            27.7386365
          ],
          [
            95.1330656,
            27.7377407
          ],
          [
            95.133017,
            27.7367727
          ],
          [
            95.1332278,
            27.7352502
          ],
          [
            95.1332276,
            27.7338053
          ],
          [
            95.133035,
            27.7326424
          ],
          [
            95.1325144,
            27.731144
          ]
        ]
      },
      "properties": {
        "id": "1511087",
        "risk": "Low",
        "status": "Open",
        "type": "road"
      }
    },
    {
      "type": "Feature",
      "geometry": {
        "type": "LineString",
        "coordinates": [
          [
            95.1317749,
            27.756973
          ],
          [
            95.1321147,
            27.7564819
          ],
          [
            95.1325275,
            27.7555806
          ],
          [
            95.1330869,
            27.7545724
          ],
          [
            95.1334331,
            27.7531373
          ],
          [
            95.1339239,
            27.7514903
          ],
          [
            95.1342959,
            27.7507851
          ],
          [
            95.1344255,
            27.7506044
          ],
          [
            95.1350798,
            27.7500011
          ],
          [
            95.1352024,
            27.7494811
          ],
          [
            95.1350663,
            27.7473432
          ],
          [
            95.1351474,
            27.7464619
          ],
          [
            95.1350943,
            27.7459728
          ],
          [
            95.1349525,
            27.7443454
          ],
          [
            95.1347739,
            27.7427849
          ],
          [
            95.134629,
            27.7419366
          ],
          [
            95.1345284,
            27.7413471
          ],
          [
            95.1343739,
            27.7406121
          ]
        ]
      },
      "properties": {
        "id": "1571329",
        "risk": "Low",
        "status": "Open",
        "type": "road"
      }
    },
    {
      "type": "Feature",
      "geometry": {
        "type": "LineString",
        "coordinates": [
          [
            95.1195529,
            27.7409885
          ],
          [
            95.1199044,
            27.7413005
          ],
          [
            95.1202746,
            27.7416384
          ],
          [
            95.1206568,
            27.7423194
          ],
          [
            95.1208037,
            27.7430265
          ],
          [
            95.1206272,
            27.7436289
          ],
          [
            95.1200099,
            27.7446503
          ],
          [
            95.1196864,
            27.7454098
          ],
          [
            95.1198599,
            27.7465981
          ],
          [
            95.1200105,
            27.7476209
          ],
          [
            95.1201574,
            27.7489043
          ],
          [
            95.1202806,
            27.7494506
          ],
          [
            95.1204026,
            27.7500005
          ],
          [
            95.1205129,
            27.7506765
          ],
          [
            95.1204984,
            27.752202
          ],
          [
            95.120272,
            27.7531539
          ],
          [
            95.1198049,
            27.7539806
          ]
        ]
      },
      "properties": {
        "id": "1581713",
        "risk": "Low",
        "status": "Open",
        "type": "road"
      }
    },
    {
      "type": "Feature",
      "geometry": {
        "type": "LineString",
        "coordinates": [
          [
            95.1045619,
            27.7423509
          ],
          [
            95.1045775,
            27.7424276
          ],
          [
            95.1047894,
            27.7433686
          ],
          [
            95.1050235,
            27.745156
          ],
          [
            95.105075,
            27.7461225
          ],
          [
            95.1051014,
            27.7465952
          ],
          [
            95.1052834,
            27.7485219
          ],
          [
            95.105358,
            27.7500015
          ],
          [
            95.1049455,
            27.7506548
          ],
          [
            95.1027987,
            27.7522901
          ],
          [
            95.1020001,
            27.7531477
          ]
        ]
      },
      "properties": {
        "id": "1566894",
        "risk": "Low",
        "status": "Open",
        "type": "road"
      }
    },
    {
      "type": "Feature",
      "geometry": {
        "type": "LineString",
        "coordinates": [
          [
            95.1045619,
            27.7423509
          ],
          [
            95.1047878,
            27.74243
          ],
          [
            95.1056403,
            27.7423517
          ],
          [
            95.1069632,
            27.7417757
          ],
          [
            95.1077276,
            27.7410424
          ],
          [
            95.1084332,
            27.7404401
          ],
          [
            95.1089036,
            27.7402568
          ],
          [
            95.109532,
            27.7403758
          ],
          [
            95.1097561,
            27.7404142
          ],
          [
            95.1106084,
            27.7411214
          ],
          [
            95.1124601,
            27.7420122
          ],
          [
            95.1134008,
            27.7421432
          ],
          [
            95.1148119,
            27.74196
          ],
          [
            95.1161935,
            27.7414101
          ],
          [
            95.1174259,
            27.7407261
          ],
          [
            95.1178173,
            27.7405829
          ],
          [
            95.118157,
            27.7405224
          ],
          [
            95.1184287,
            27.7405224
          ],
          [
            95.1185419,
            27.7405426
          ],
          [
            95.1189226,
            27.740643
          ],
          [
            95.1195529,
            27.7409885
          ]
        ]
      },
      "properties": {
        "id": "1551030",
        "risk": "Low",
        "status": "Open",
        "type": "road"
      }
    },
    {
      "type": "Feature",
      "geometry": {
        "type": "LineString",
        "coordinates": [
          [
            95.0696178,
            27.7463069
          ],
          [
            95.07025,
            27.7459557
          ],
          [
            95.0726902,
            27.7453806
          ],
          [
            95.0756007,
            27.7447007
          ],
          [
            95.0779527,
            27.7441517
          ],
          [
            95.0787171,
            27.7439948
          ],
          [
            95.0803928,
            27.7438382
          ],
          [
            95.0838615,
            27.743787
          ],
          [
            95.0841011,
            27.7437774
          ],
          [
            95.0860075,
            27.7436829
          ],
          [
            95.0875631,
            27.7435251
          ],
          [
            95.0877493,
            27.743528
          ],
          [
            95.089562,
            27.7436304
          ],
          [
            95.0923253,
            27.7435525
          ],
          [
            95.0950591,
            27.7435008
          ],
          [
            95.0955232,
            27.7434982
          ],
          [
            95.0963819,
            27.7435012
          ],
          [
            95.0967602,
            27.7434784
          ],
          [
            95.0975872,
            27.7433966
          ],
          [
            95.1002624,
            27.7427949
          ],
          [
            95.1021733,
            27.7421666
          ],
          [
            95.1028697,
            27.7421155
          ],
          [
            95.1037617,
            27.7422149
          ],
          [
            95.1043394,
            27.7422729
          ],
          [
            95.1045619,
            27.7423509
          ]
        ]
      },
      "properties": {
        "id": "1539631",
        "risk": "Low",
        "status": "Open",
        "type": "road"
      }
    },
    {
      "type": "Feature",
      "geometry": {
        "type": "LineString",
        "coordinates": [
          [
            95.075057,
            27.7470521
          ],
          [
            95.0758976,
            27.7468852
          ],
          [
            95.0770457,
            27.7467545
          ],
          [
            95.0777714,
            27.7466423
          ],
          [
            95.0792032,
            27.7462303
          ],
          [
            95.0801422,
            27.7460245
          ],
          [
            95.081174,
            27.7457998
          ],
          [
            95.0821215,
            27.7455189
          ],
          [
            95.0832795,
            27.7453318
          ],
          [
            95.0842929,
            27.7451953
          ],
          [
            95.0852309,
            27.7451498
          ],
          [
            95.0860519,
            27.7450375
          ],
          [
            95.0863932,
            27.7450632
          ],
          [
            95.0867888,
            27.7451128
          ],
          [
            95.0874834,
            27.7453942
          ],
          [
            95.0879044,
            27.745788
          ],
          [
            95.0885989,
            27.7464819
          ],
          [
            95.0902406,
            27.747701
          ],
          [
            95.0917044,
            27.7487189
          ],
          [
            95.0935778,
            27.7499379
          ],
          [
            95.0936597,
            27.7500011
          ],
          [
            95.093929,
            27.7501161
          ],
          [
            95.095434,
            27.7506664
          ],
          [
            95.0965077,
            27.7508633
          ],
          [
            95.0973868,
            27.7510245
          ],
          [
            95.0980732,
            27.7513245
          ],
          [
            95.0987219,
            27.7516217
          ],
          [
            95.100057,
            27.7522188
          ],
          [
            95.1020001,
            27.7531477
          ]
        ]
      },
      "properties": {
        "id": "1570718",
        "risk": "Low",
        "status": "Open",
        "type": "road"
      }
    },
    {
      "type": "Feature",
      "geometry": {
        "type": "LineString",
        "coordinates": [
          [
            95.0763924,
            27.7500008
          ],
          [
            95.0759969,
            27.7500259
          ]
        ]
      },
      "properties": {
        "id": "1495735",
        "risk": "Low",
        "status": "Open",
        "type": "road"
      }
    },
    {
      "type": "Feature",
      "geometry": {
        "type": "LineString",
        "coordinates": [
          [
            95.0759969,
            27.7500259
          ],
          [
            95.0759621,
            27.7499544
          ],
          [
            95.075727,
            27.7493438
          ],
          [
            95.07519,
            27.7483859
          ],
          [
            95.0750751,
            27.7476333
          ],
          [
            95.075057,
            27.7470521
          ]
        ]
      },
      "properties": {
        "id": "1556517",
        "risk": "Low",
        "status": "Open",
        "type": "road"
      }
    },
    {
      "type": "Feature",
      "geometry": {
        "type": "LineString",
        "coordinates": [
          [
            95.0696178,
            27.7463069
          ],
          [
            95.0707411,
            27.7469191
          ],
          [
            95.0715831,
            27.7471444
          ],
          [
            95.0729936,
            27.7472575
          ],
          [
            95.0747131,
            27.7471298
          ],
          [
            95.075057,
            27.7470521
          ]
        ]
      },
      "properties": {
        "id": "1546969",
        "risk": "Low",
        "status": "Open",
        "type": "road"
      }
    },
    {
      "type": "Feature",
      "geometry": {
        "type": "LineString",
        "coordinates": [
          [
            95.0530881,
            27.7495762
          ],
          [
            95.0535869,
            27.7494764
          ],
          [
            95.0548922,
            27.7496458
          ],
          [
            95.0553974,
            27.7496836
          ],
          [
            95.0560291,
            27.749534
          ],
          [
            95.0569979,
            27.7490096
          ],
          [
            95.0583249,
            27.7482041
          ],
          [
            95.0595465,
            27.7474548
          ],
          [
            95.0603256,
            27.747174
          ],
          [
            95.0613995,
            27.7469495
          ],
          [
            95.0623469,
            27.7468938
          ],
          [
            95.0628383,
            27.7467912
          ],
          [
            95.0636174,
            27.7466229
          ],
          [
            95.0644597,
            27.7462296
          ],
          [
            95.0653232,
            27.745855
          ],
          [
            95.0658706,
            27.7457053
          ],
          [
            95.0670286,
            27.7455183
          ],
          [
            95.0676392,
            27.7454811
          ],
          [
            95.068797,
            27.745819
          ],
          [
            95.0696178,
            27.7463069
          ]
        ]
      },
      "properties": {
        "id": "1551609",
        "risk": "Low",
        "status": "Open",
        "type": "road"
      }
    },
    {
      "type": "Feature",
      "geometry": {
        "type": "LineString",
        "coordinates": [
          [
            95.0530881,
            27.7495762
          ],
          [
            95.0529698,
            27.7488143
          ],
          [
            95.052971,
            27.747134
          ],
          [
            95.0531466,
            27.7461377
          ],
          [
            95.053389,
            27.7447619
          ],
          [
            95.0534375,
            27.7444322
          ],
          [
            95.0535563,
            27.7436252
          ],
          [
            95.0539396,
            27.7418399
          ],
          [
            95.0541952,
            27.7406497
          ],
          [
            95.0545654,
            27.7389836
          ],
          [
            95.0545849,
            27.7388959
          ],
          [
            95.0547433,
            27.7377393
          ],
          [
            95.0549451,
            27.7362672
          ],
          [
            95.0550153,
            27.7358314
          ],
          [
            95.0551401,
            27.7350568
          ],
          [
            95.0550346,
            27.7332934
          ],
          [
            95.0550629,
            27.7296113
          ],
          [
            95.0551332,
            27.7290066
          ],
          [
            95.0552582,
            27.7279316
          ],
          [
            95.0553032,
            27.7274355
          ],
          [
            95.0554829,
            27.7254511
          ],
          [
            95.0555947,
            27.7243394
          ],
          [
            95.055484,
            27.7239689
          ],
          [
            95.055007,
            27.7232476
          ]
        ]
      },
      "properties": {
        "id": "1552985",
        "risk": "Low",
        "status": "Open",
        "type": "road"
      }
    },
    {
      "type": "Feature",
      "geometry": {
        "type": "LineString",
        "coordinates": [
          [
            94.9337043,
            27.722181
          ],
          [
            94.9336783,
            27.7214447
          ],
          [
            94.9337901,
            27.7210259
          ],
          [
            94.9336794,
            27.720684
          ],
          [
            94.9336313,
            27.7205742
          ],
          [
            94.9336583,
            27.7203227
          ],
          [
            94.9336321,
            27.7193774
          ],
          [
            94.9338977,
            27.7190025
          ],
          [
            94.9342516,
            27.7183318
          ],
          [
            94.9345643,
            27.7178526
          ],
          [
            94.9349373,
            27.717089
          ],
          [
            94.9353542,
            27.7163464
          ],
          [
            94.9357081,
            27.7158532
          ],
          [
            94.9359516,
            27.715577
          ],
          [
            94.9363057,
            27.7152614
          ],
          [
            94.9367084,
            27.7149584
          ],
          [
            94.9371909,
            27.7147285
          ],
          [
            94.9381344,
            27.7140246
          ],
          [
            94.9385992,
            27.7137089
          ],
          [
            94.9391082,
            27.7134128
          ],
          [
            94.9395951,
            27.7129984
          ],
          [
            94.9399935,
            27.7127024
          ],
          [
            94.940436,
            27.7124261
          ],
          [
            94.9407238,
            27.7122288
          ],
          [
            94.9409672,
            27.7119525
          ],
          [
            94.9412327,
            27.7116368
          ],
          [
            94.9415424,
            27.7112818
          ],
          [
            94.9417858,
            27.7110449
          ],
          [
            94.9421178,
            27.7108081
          ],
          [
            94.9426047,
            27.7104923
          ],
          [
            94.9430421,
            27.7102605
          ],
          [
            94.9435733,
            27.7100826
          ],
          [
            94.9438559,
            27.7099906
          ],
          [
            94.9442765,
            27.7099114
          ],
          [
            94.9448409,
            27.7097435
          ],
          [
            94.9451619,
            27.7096448
          ],
          [
            94.9454385,
            27.7094968
          ],
          [
            94.9458259,
            27.709329
          ],
          [
            94.9461137,
            27.7091612
          ],
          [
            94.9462907,
            27.7090427
          ],
          [
            94.9466855,
            27.7086514
          ],
          [
            94.9470395,
            27.7083456
          ],
          [
            94.9472609,
            27.7081778
          ],
          [
            94.9474711,
            27.7080692
          ],
          [
            94.9477699,
            27.7079409
          ],
          [
            94.9481682,
            27.7077534
          ],
          [
            94.9485334,
            27.7075362
          ],
          [
            94.9489188,
            27.707252
          ],
          [
            94.9493059,
            27.7068772
          ],
          [
            94.9496156,
            27.7065417
          ],
          [
            94.9499254,
            27.7061964
          ],
          [
            94.9502656,
            27.7058563
          ],
          [
            94.9506971,
            27.7053828
          ],
          [
            94.951228,
            27.7048894
          ],
          [
            94.9515387,
            27.7046573
          ],
          [
            94.9516816,
            27.7045342
          ],
          [
            94.9524094,
            27.7038297
          ],
          [
            94.9529513,
            27.7031686
          ],
          [
            94.9533605,
            27.702636
          ],
          [
            94.9536813,
            27.7022906
          ],
          [
            94.9540669,
            27.7017806
          ],
          [
            94.9544209,
            27.701317
          ],
          [
            94.9547748,
            27.7009322
          ],
          [
            94.9553474,
            27.7002448
          ],
          [
            94.9558782,
            27.6995838
          ],
          [
            94.9565514,
            27.698681
          ],
          [
            94.957038,
            27.6981089
          ],
          [
            94.9576573,
            27.6973787
          ],
          [
            94.9583626,
            27.6964161
          ],
          [
            94.9587939,
            27.6959228
          ],
          [
            94.959369,
            27.6953309
          ],
          [
            94.9597339,
            27.6948967
          ],
          [
            94.9599772,
            27.6946303
          ],
          [
            94.9605072,
            27.6942283
          ],
          [
            94.9607947,
            27.6939717
          ],
          [
            94.9611375,
            27.6935278
          ],
          [
            94.961436,
            27.6931332
          ],
          [
            94.9618295,
            27.6925369
          ],
          [
            94.9621722,
            27.6919055
          ],
          [
            94.9623821,
            27.6914223
          ],
          [
            94.9625035,
            27.691077
          ],
          [
            94.9625808,
            27.6908008
          ],
          [
            94.9626104,
            27.6902237
          ],
          [
            94.962599,
            27.6896518
          ],
          [
            94.9625987,
            27.6892869
          ],
          [
            94.9624654,
            27.6886756
          ],
          [
            94.962419,
            27.6882282
          ],
          [
            94.9624075,
            27.6875971
          ],
          [
            94.9625107,
            27.6863293
          ]
        ]
      },
      "properties": {
        "id": "1579156",
        "risk": "Low",
        "status": "Open",
        "type": "road"
      }
    },
    {
      "type": "Feature",
      "geometry": {
        "type": "LineString",
        "coordinates": [
          [
            94.9293997,
            27.7510519
          ],
          [
            94.9293801,
            27.7505391
          ],
          [
            94.9293344,
            27.7501898
          ],
          [
            94.9293281,
            27.7500013
          ],
          [
            94.9292936,
            27.7497181
          ],
          [
            94.9292934,
            27.749166
          ],
          [
            94.9294038,
            27.7484756
          ],
          [
            94.9295807,
            27.7477853
          ],
          [
            94.9298682,
            27.7471343
          ],
          [
            94.9302223,
            27.7464045
          ],
          [
            94.9306648,
            27.745576
          ],
          [
            94.9312145,
            27.7446548
          ],
          [
            94.9316308,
            27.7439329
          ],
          [
            94.9319226,
            27.7433725
          ],
          [
            94.9321225,
            27.7428927
          ],
          [
            94.9321658,
            27.7425441
          ],
          [
            94.9320969,
            27.7419962
          ],
          [
            94.9318973,
            27.7411483
          ],
          [
            94.9315415,
            27.7402857
          ],
          [
            94.9314084,
            27.7397926
          ],
          [
            94.931231,
            27.7392799
          ],
          [
            94.9312528,
            27.7386291
          ],
          [
            94.9313409,
            27.7377022
          ],
          [
            94.9314759,
            27.7369395
          ],
          [
            94.93168,
            27.7361163
          ],
          [
            94.9319624,
            27.7354207
          ],
          [
            94.9323828,
            27.7346712
          ],
          [
            94.93309,
            27.7335955
          ],
          [
            94.9335547,
            27.7329248
          ],
          [
            94.933798,
            27.7325499
          ],
          [
            94.9339751,
            27.7322146
          ],
          [
            94.9339971,
            27.731978
          ],
          [
            94.9339969,
            27.7315835
          ],
          [
            94.9339523,
            27.7308538
          ],
          [
            94.9339748,
            27.7303072
          ],
          [
            94.9340411,
            27.7299324
          ],
          [
            94.9342622,
            27.729459
          ],
          [
            94.9345941,
            27.7288869
          ],
          [
            94.9348153,
            27.7285121
          ],
          [
            94.9349923,
            27.7281176
          ],
          [
            94.9350364,
            27.7277626
          ],
          [
            94.9350808,
            27.7273957
          ],
          [
            94.9349699,
            27.7270407
          ],
          [
            94.9348148,
            27.7268239
          ],
          [
            94.9346376,
            27.7266662
          ],
          [
            94.9344382,
            27.7265282
          ],
          [
            94.9342388,
            27.7262916
          ],
          [
            94.9341281,
            27.7261142
          ],
          [
            94.9341058,
            27.7259958
          ],
          [
            94.9341057,
            27.7257
          ],
          [
            94.9341053,
            27.7251083
          ],
          [
            94.9339931,
            27.724153
          ],
          [
            94.9339042,
            27.7233248
          ],
          [
            94.933771,
            27.7226937
          ],
          [
            94.9337043,
            27.722181
          ]
        ]
      },
      "properties": {
        "id": "1571403",
        "risk": "Low",
        "status": "Open",
        "type": "road"
      }
    },
    {
      "type": "Feature",
      "geometry": {
        "type": "LineString",
        "coordinates": [
          [
            94.8903958,
            27.7215613
          ],
          [
            94.8910898,
            27.721979
          ],
          [
            94.8920948,
            27.7225419
          ],
          [
            94.8937647,
            27.7235555
          ],
          [
            94.8949294,
            27.7244609
          ],
          [
            94.8961957,
            27.7254525
          ],
          [
            94.89639,
            27.7256297
          ],
          [
            94.896994,
            27.7262975
          ],
          [
            94.897863,
            27.7273182
          ],
          [
            94.8986127,
            27.728217
          ],
          [
            94.8991205,
            27.728767
          ],
          [
            94.9012229,
            27.7310761
          ],
          [
            94.9014415,
            27.7313834
          ],
          [
            94.9017491,
            27.7317554
          ],
          [
            94.9027208,
            27.7329858
          ],
          [
            94.903641,
            27.7338959
          ],
          [
            94.9037679,
            27.7340436
          ],
          [
            94.9046925,
            27.7350313
          ],
          [
            94.9055618,
            27.7360356
          ],
          [
            94.9066344,
            27.7371385
          ],
          [
            94.9077957,
            27.7387748
          ],
          [
            94.9083274,
            27.7394551
          ],
          [
            94.9091642,
            27.7403717
          ],
          [
            94.910015,
            27.7413265
          ],
          [
            94.9105515,
            27.7420673
          ],
          [
            94.9117136,
            27.744032
          ],
          [
            94.9121575,
            27.7445258
          ],
          [
            94.9127308,
            27.745069
          ],
          [
            94.9131746,
            27.7453983
          ],
          [
            94.9141275,
            27.7459178
          ],
          [
            94.9155726,
            27.7466368
          ],
          [
            94.9169091,
            27.7471881
          ],
          [
            94.9184183,
            27.7477997
          ],
          [
            94.9194909,
            27.7482441
          ],
          [
            94.9213505,
            27.749004
          ],
          [
            94.9228855,
            27.7495305
          ],
          [
            94.9239431,
            27.7500009
          ],
          [
            94.9241061,
            27.7500734
          ],
          [
            94.9244276,
            27.7502327
          ],
          [
            94.9252897,
            27.7506327
          ],
          [
            94.9293997,
            27.7510519
          ]
        ]
      },
      "properties": {
        "id": "1576721",
        "risk": "Low",
        "status": "Open",
        "type": "road"
      }
    },
    {
      "type": "Feature",
      "geometry": {
        "type": "LineString",
        "coordinates": [
          [
            94.8903958,
            27.7215613
          ],
          [
            94.8911735,
            27.720465
          ],
          [
            94.8916356,
            27.719923
          ],
          [
            94.8925355,
            27.7190125
          ],
          [
            94.8935083,
            27.7181019
          ],
          [
            94.8940434,
            27.7174731
          ],
          [
            94.8949189,
            27.7166926
          ],
          [
            94.8957215,
            27.7160639
          ],
          [
            94.8965926,
            27.7152277
          ],
          [
            94.897152,
            27.7148158
          ],
          [
            94.8980517,
            27.7138618
          ],
          [
            94.8991947,
            27.7125826
          ],
          [
            94.9001609,
            27.7112476
          ],
          [
            94.901158,
            27.7099684
          ],
          [
            94.9022764,
            27.7086025
          ],
          [
            94.9030284,
            27.7071176
          ],
          [
            94.9037335,
            27.7061636
          ],
          [
            94.9044629,
            27.7053615
          ],
          [
            94.9053139,
            27.7043207
          ],
          [
            94.9057759,
            27.7036919
          ],
          [
            94.9065003,
            27.7024459
          ],
          [
            94.9066948,
            27.701969
          ],
          [
            94.9068162,
            27.7014487
          ],
          [
            94.9067917,
            27.7007333
          ],
          [
            94.9066941,
            27.6996927
          ],
          [
            94.9066937,
            27.6984765
          ],
          [
            94.9066691,
            27.6974359
          ],
          [
            94.9066447,
            27.6969374
          ],
          [
            94.9065959,
            27.6965905
          ],
          [
            94.9064985,
            27.696287
          ],
          [
            94.9063039,
            27.6958535
          ],
          [
            94.9058416,
            27.6950515
          ],
          [
            94.9051605,
            27.6941411
          ],
          [
            94.9046253,
            27.6934041
          ],
          [
            94.9039687,
            27.6926986
          ],
          [
            94.9035308,
            27.6921567
          ],
          [
            94.9033606,
            27.6918533
          ],
          [
            94.9032632,
            27.6916149
          ],
          [
            94.9032388,
            27.6913547
          ],
          [
            94.9032662,
            27.6909374
          ]
        ]
      },
      "properties": {
        "id": "1507730",
        "risk": "Low",
        "status": "Open",
        "type": "road"
      }
    },
    {
      "type": "Feature",
      "geometry": {
        "type": "LineString",
        "coordinates": [
          [
            94.9023489,
            27.6775306
          ],
          [
            94.9027302,
            27.6781037
          ],
          [
            94.9033517,
            27.6788353
          ],
          [
            94.9038623,
            27.6796067
          ],
          [
            94.9041287,
            27.6801011
          ],
          [
            94.9042397,
            27.6805757
          ],
          [
            94.9042399,
            27.6810307
          ],
          [
            94.9043978,
            27.6817919
          ],
          [
            94.9045875,
            27.682322
          ],
          [
            94.9048096,
            27.6830143
          ],
          [
            94.9050982,
            27.6837263
          ],
          [
            94.9054535,
            27.6843196
          ],
          [
            94.905853,
            27.6848733
          ],
          [
            94.9061861,
            27.6853084
          ],
          [
            94.9066078,
            27.6858423
          ],
          [
            94.9069187,
            27.6863368
          ],
          [
            94.907383,
            27.6869187
          ],
          [
            94.9076271,
            27.6872549
          ],
          [
            94.9079602,
            27.6878086
          ],
          [
            94.9081601,
            27.6881251
          ],
          [
            94.9081707,
            27.6883078
          ],
          [
            94.9081823,
            27.6885207
          ],
          [
            94.9080936,
            27.6886789
          ],
          [
            94.9076277,
            27.6889954
          ],
          [
            94.9065846,
            27.6893319
          ],
          [
            94.9058967,
            27.6895495
          ],
          [
            94.9052753,
            27.6897475
          ],
          [
            94.9046096,
            27.6900838
          ],
          [
            94.9039474,
            27.6903956
          ],
          [
            94.9036145,
            27.6905934
          ],
          [
            94.9032662,
            27.6909374
          ]
        ]
      },
      "properties": {
        "id": "1580689",
        "risk": "Low",
        "status": "Open",
        "type": "road"
      }
    },
    {
      "type": "Feature",
      "geometry": {
        "type": "LineString",
        "coordinates": [
          [
            94.8887399,
            27.6842289
          ],
          [
            94.8896266,
            27.6844531
          ],
          [
            94.8903146,
            27.6845519
          ],
          [
            94.8908915,
            27.6845717
          ],
          [
            94.8914907,
            27.6847299
          ],
          [
            94.8921121,
            27.684888
          ],
          [
            94.8929555,
            27.6850066
          ],
          [
            94.8938876,
            27.6851054
          ],
          [
            94.8943093,
            27.6851053
          ],
          [
            94.8949671,
            27.68484
          ],
          [
            94.8953032,
            27.6845759
          ],
          [
            94.8957691,
            27.6839627
          ],
          [
            94.8962795,
            27.6834682
          ],
          [
            94.8965404,
            27.683248
          ],
          [
            94.8974555,
            27.6823802
          ],
          [
            94.8983163,
            27.6816936
          ],
          [
            94.8989154,
            27.6810013
          ],
          [
            94.8994922,
            27.6802496
          ],
          [
            94.9000912,
            27.6796958
          ],
          [
            94.9005129,
            27.6791616
          ],
          [
            94.9008012,
            27.6788649
          ],
          [
            94.901417,
            27.6783417
          ],
          [
            94.9023489,
            27.6775306
          ]
        ]
      },
      "properties": {
        "id": "1557181",
        "risk": "Low",
        "status": "Open",
        "type": "road"
      }
    },
    {
      "type": "Feature",
      "geometry": {
        "type": "LineString",
        "coordinates": [
          [
            94.8927779,
            27.6709403
          ],
          [
            94.8937642,
            27.6713129
          ],
          [
            94.8942525,
            27.6714711
          ],
          [
            94.894785,
            27.6715699
          ],
          [
            94.8951845,
            27.6716687
          ],
          [
            94.8957171,
            27.6718863
          ],
          [
            94.8961387,
            27.6720246
          ],
          [
            94.8965381,
            27.672262
          ],
          [
            94.8968266,
            27.6723411
          ],
          [
            94.8971817,
            27.672341
          ],
          [
            94.8977586,
            27.6723805
          ],
          [
            94.8982491,
            27.6723881
          ],
          [
            94.8986684,
            27.672598
          ],
          [
            94.8990457,
            27.6729341
          ],
          [
            94.8994896,
            27.6736065
          ],
          [
            94.8999558,
            27.67418
          ],
          [
            94.900444,
            27.6748128
          ],
          [
            94.9010655,
            27.6755248
          ],
          [
            94.9014873,
            27.6761379
          ],
          [
            94.9018422,
            27.6766204
          ],
          [
            94.9023489,
            27.6775306
          ]
        ]
      },
      "properties": {
        "id": "1519773",
        "risk": "Low",
        "status": "Open",
        "type": "road"
      }
    },
    {
      "type": "Feature",
      "geometry": {
        "type": "LineString",
        "coordinates": [
          [
            94.8875206,
            27.6481048
          ],
          [
            94.8880083,
            27.6478862
          ],
          [
            94.8888733,
            27.6475697
          ],
          [
            94.8890456,
            27.6474771
          ],
          [
            94.8894942,
            27.6469763
          ],
          [
            94.8895163,
            27.6466598
          ],
          [
            94.8892282,
            27.645743
          ],
          [
            94.888962,
            27.6447738
          ],
          [
            94.888851,
            27.6439036
          ],
          [
            94.88874,
            27.6431322
          ],
          [
            94.8885626,
            27.6424004
          ],
          [
            94.8885182,
            27.6418466
          ],
          [
            94.8885181,
            27.6414114
          ],
          [
            94.8885402,
            27.640917
          ],
          [
            94.8887626,
            27.6400608
          ],
          [
            94.8889178,
            27.6391905
          ],
          [
            94.8891616,
            27.638162
          ],
          [
            94.8895376,
            27.636572
          ],
          [
            94.8896705,
            27.6361763
          ],
          [
            94.889737,
            27.6354841
          ],
          [
            94.8897591,
            27.6346731
          ],
          [
            94.8898699,
            27.6338226
          ],
          [
            94.890003,
            27.633348
          ],
          [
            94.8903102,
            27.6328835
          ],
          [
            94.8908867,
            27.6322703
          ],
          [
            94.8919288,
            27.6313208
          ],
          [
            94.8927823,
            27.6303341
          ]
        ]
      },
      "properties": {
        "id": "1536977",
        "risk": "Low",
        "status": "Open",
        "type": "road"
      }
    },
    {
      "type": "Feature",
      "geometry": {
        "type": "LineString",
        "coordinates": [
          [
            94.7963576,
            27.534443
          ],
          [
            94.8017747,
            27.5322657
          ],
          [
            94.8049082,
            27.5309839
          ],
          [
            94.8057548,
            27.5310279
          ],
          [
            94.8066826,
            27.5311033
          ],
          [
            94.8075984,
            27.5316633
          ],
          [
            94.8089999,
            27.5325168
          ],
          [
            94.8100017,
            27.533334
          ],
          [
            94.8108717,
            27.5343271
          ],
          [
            94.8115139,
            27.5353517
          ],
          [
            94.8120447,
            27.5363852
          ],
          [
            94.8123327,
            27.5373014
          ],
          [
            94.8125751,
            27.5383033
          ],
          [
            94.812691,
            27.5389981
          ],
          [
            94.8128877,
            27.5403113
          ],
          [
            94.812953,
            27.541128
          ],
          [
            94.8129268,
            27.5426035
          ],
          [
            94.8128153,
            27.5428426
          ],
          [
            94.812491,
            27.5433974
          ],
          [
            94.8116196,
            27.5446695
          ],
          [
            94.8107685,
            27.5455805
          ],
          [
            94.8098772,
            27.546099
          ],
          [
            94.8090771,
            27.546455
          ],
          [
            94.8084086,
            27.546933
          ],
          [
            94.8079628,
            27.5474517
          ],
          [
            94.8076941,
            27.5480878
          ],
          [
            94.807516,
            27.5495587
          ],
          [
            94.8072923,
            27.5509664
          ],
          [
            94.8068912,
            27.5526356
          ],
          [
            94.8065516,
            27.5532536
          ],
          [
            94.8065816,
            27.5539891
          ],
          [
            94.8064899,
            27.5548013
          ],
          [
            94.8064033,
            27.5556
          ],
          [
            94.8061344,
            27.5564571
          ],
          [
            94.8059112,
            27.5572106
          ],
          [
            94.8057285,
            27.5578467
          ],
          [
            94.8055609,
            27.5586362
          ],
          [
            94.8055758,
            27.5590739
          ],
          [
            94.8056413,
            27.5595297
          ],
          [
            94.805894,
            27.5601074
          ],
          [
            94.8063189,
            27.5607258
          ],
          [
            94.8069616,
            27.5613443
          ],
          [
            94.8076243,
            27.562026
          ],
          [
            94.8086517,
            27.5627439
          ],
          [
            94.809674,
            27.5634213
          ],
          [
            94.8105446,
            27.5639
          ],
          [
            94.811815,
            27.5645143
          ],
          [
            94.8134195,
            27.5653724
          ],
          [
            94.8144824,
            27.5660181
          ],
          [
            94.815353,
            27.566578
          ],
          [
            94.8158236,
            27.567034
          ],
          [
            94.8160563,
            27.5673363
          ],
          [
            94.8165573,
            27.5679683
          ],
          [
            94.8170125,
            27.568713
          ],
          [
            94.8172904,
            27.5697014
          ],
          [
            94.8176241,
            27.5705678
          ],
          [
            94.8179831,
            27.5714795
          ],
          [
            94.8181601,
            27.5719172
          ],
          [
            94.8182459,
            27.5723549
          ],
          [
            94.8182913,
            27.5727746
          ],
          [
            94.818291,
            27.573289
          ],
          [
            94.8182907,
            27.5737898
          ],
          [
            94.8183159,
            27.574047
          ],
          [
            94.8184677,
            27.5743269
          ],
          [
            94.8188928,
            27.5747106
          ],
          [
            94.819161,
            27.5750898
          ],
          [
            94.8192916,
            27.5753228
          ],
          [
            94.8196922,
            27.5759247
          ],
          [
            94.8199857,
            27.5763219
          ],
          [
            94.8201626,
            27.5768409
          ],
          [
            94.8202282,
            27.5773778
          ],
          [
            94.8202736,
            27.5776351
          ],
          [
            94.8203847,
            27.5782533
          ],
          [
            94.8204502,
            27.5787496
          ],
          [
            94.8208954,
            27.5796162
          ],
          [
            94.8213406,
            27.5804286
          ],
          [
            94.8220086,
            27.5811056
          ],
          [
            94.8229197,
            27.5821393
          ],
          [
            94.8236585,
            27.582997
          ],
          [
            94.8249643,
            27.5846173
          ],
          [
            94.8255008,
            27.5851319
          ],
          [
            94.8257235,
            27.5853531
          ],
          [
            94.8264373,
            27.5858091
          ],
          [
            94.8272827,
            27.5864276
          ],
          [
            94.8278801,
            27.586879
          ],
          [
            94.828194,
            27.5871769
          ],
          [
            94.8283964,
            27.5874388
          ],
          [
            94.8288417,
            27.5882105
          ],
          [
            94.8291757,
            27.5888875
          ],
          [
            94.8293272,
            27.5897267
          ],
          [
            94.8293268,
            27.5904803
          ],
          [
            94.8293974,
            27.5911075
          ],
          [
            94.8295289,
            27.5916445
          ],
          [
            94.829549,
            27.5920416
          ],
          [
            94.8295488,
            27.5925379
          ],
          [
            94.8296195,
            27.5930162
          ],
          [
            94.8297711,
            27.5936119
          ],
          [
            94.8300392,
            27.5942708
          ],
          [
            94.8303987,
            27.5947086
          ],
          [
            94.8305959,
            27.5952637
          ],
          [
            94.8307527,
            27.5958413
          ],
          [
            94.8307522,
            27.5966715
          ],
          [
            94.8308381,
            27.5973845
          ],
          [
            94.830929,
            27.5979621
          ],
          [
            94.8311718,
            27.5984585
          ],
          [
            94.8316224,
            27.5991354
          ],
          [
            94.8321316,
            27.5998606
          ],
          [
            94.8322753,
            27.6000652
          ],
          [
            94.8323334,
            27.6002267
          ],
          [
            94.8327005,
            27.6005616
          ],
          [
            94.8330549,
            27.6008235
          ],
          [
            94.8335259,
            27.6010403
          ],
          [
            94.8339057,
            27.6011216
          ],
          [
            94.8347515,
            27.6012392
          ],
          [
            94.835643,
            27.6010815
          ],
          [
            94.8362204,
            27.600996
          ],
          [
            94.8366256,
            27.6007795
          ],
          [
            94.8370463,
            27.5999223
          ],
          [
            94.8374061,
            27.5993674
          ],
          [
            94.8378267,
            27.5989885
          ],
          [
            94.8385005,
            27.5985105
          ],
          [
            94.839235,
            27.598091
          ],
          [
            94.8402329,
            27.5976446
          ]
        ]
      },
      "properties": {
        "id": "1577853",
        "risk": "Low",
        "status": "Open",
        "type": "road"
      }
    },
    {
      "type": "Feature",
      "geometry": {
        "type": "LineString",
        "coordinates": [
          [
            94.8411529,
            27.6121347
          ],
          [
            94.841361,
            27.6129397
          ],
          [
            94.8413822,
            27.6143159
          ],
          [
            94.8413381,
            27.6160991
          ],
          [
            94.8411857,
            27.6170221
          ],
          [
            94.8409461,
            27.6184564
          ],
          [
            94.840882,
            27.6209024
          ],
          [
            94.8408598,
            27.6223756
          ],
          [
            94.8407225,
            27.6240688
          ],
          [
            94.8403743,
            27.6251542
          ],
          [
            94.8402433,
            27.6267823
          ],
          [
            94.8404167,
            27.628178
          ],
          [
            94.8403859,
            27.6290183
          ],
          [
            94.8402984,
            27.6307628
          ],
          [
            94.8400374,
            27.6327488
          ],
          [
            94.8395587,
            27.6341055
          ],
          [
            94.8389714,
            27.6353071
          ],
          [
            94.8379098,
            27.6364418
          ],
          [
            94.8364744,
            27.6381665
          ],
          [
            94.8357784,
            27.6391548
          ],
          [
            94.8354277,
            27.6397582
          ],
          [
            94.8348967,
            27.6407551
          ],
          [
            94.834092,
            27.6415496
          ],
          [
            94.8335265,
            27.6422278
          ],
          [
            94.8329393,
            27.6427704
          ],
          [
            94.8323303,
            27.6434679
          ],
          [
            94.8316832,
            27.6442478
          ],
          [
            94.8309786,
            27.6449694
          ],
          [
            94.8302892,
            27.6456595
          ],
          [
            94.8292196,
            27.6467285
          ],
          [
            94.828515,
            27.6474503
          ],
          [
            94.8280942,
            27.6479148
          ],
          [
            94.8271716,
            27.6488394
          ],
          [
            94.8265277,
            27.6496649
          ],
          [
            94.8261677,
            27.6502378
          ],
          [
            94.8256959,
            27.6513341
          ],
          [
            94.8251836,
            27.6525071
          ],
          [
            94.8244733,
            27.654271
          ],
          [
            94.8242298,
            27.6547491
          ],
          [
            94.8236361,
            27.6561929
          ],
          [
            94.8233825,
            27.6568606
          ],
          [
            94.8231034,
            27.6574064
          ],
          [
            94.8226418,
            27.6585252
          ],
          [
            94.8222308,
            27.6595132
          ],
          [
            94.8217945,
            27.6605012
          ],
          [
            94.8213683,
            27.6615839
          ],
          [
            94.8210537,
            27.6623599
          ],
          [
            94.820866,
            27.6627163
          ],
          [
            94.8200998,
            27.6644261
          ],
          [
            94.8197495,
            27.6655449
          ],
          [
            94.8199777,
            27.6657988
          ],
          [
            94.8201506,
            27.6662426
          ],
          [
            94.8201504,
            27.6665512
          ],
          [
            94.8200636,
            27.6669178
          ],
          [
            94.8198903,
            27.6673422
          ],
          [
            94.8195437,
            27.6682959
          ],
          [
            94.8192189,
            27.668836
          ],
          [
            94.8188288,
            27.6697425
          ],
          [
            94.8181573,
            27.6710871
          ],
          [
            94.8180488,
            27.6716272
          ],
          [
            94.8178968,
            27.6723988
          ],
          [
            94.8178965,
            27.6730548
          ],
          [
            94.8179167,
            27.6736186
          ],
          [
            94.8179278,
            27.6739927
          ]
        ]
      },
      "properties": {
        "id": "1534762",
        "risk": "Low",
        "status": "Open",
        "type": "road"
      }
    },
    {
      "type": "Feature",
      "geometry": {
        "type": "LineString",
        "coordinates": [
          [
            94.8085516,
            27.6830251
          ],
          [
            94.8079322,
            27.6839149
          ],
          [
            94.8072871,
            27.6849151
          ]
        ]
      },
      "properties": {
        "id": "1519782",
        "risk": "Low",
        "status": "Open",
        "type": "road"
      }
    },
    {
      "type": "Feature",
      "geometry": {
        "type": "LineString",
        "coordinates": [
          [
            94.801358,
            27.677992
          ],
          [
            94.8017558,
            27.6781569
          ],
          [
            94.8030073,
            27.6787983
          ],
          [
            94.8054595,
            27.6800721
          ],
          [
            94.8068986,
            27.6807316
          ],
          [
            94.8078409,
            27.6812961
          ],
          [
            94.808606,
            27.6817206
          ],
          [
            94.8088745,
            27.6818696
          ],
          [
            94.8096227,
            27.6822862
          ]
        ]
      },
      "properties": {
        "id": "1520435",
        "risk": "Low",
        "status": "Open",
        "type": "road"
      }
    },
    {
      "type": "Feature",
      "geometry": {
        "type": "LineString",
        "coordinates": [
          [
            94.801358,
            27.677992
          ],
          [
            94.8003751,
            27.6790403
          ],
          [
            94.7995897,
            27.6802338
          ],
          [
            94.7994345,
            27.6804639
          ]
        ]
      },
      "properties": {
        "id": "1562366",
        "risk": "Low",
        "status": "Open",
        "type": "road"
      }
    },
    {
      "type": "Feature",
      "geometry": {
        "type": "LineString",
        "coordinates": [
          [
            94.7939614,
            27.6772454
          ],
          [
            94.7957686,
            27.6773247
          ],
          [
            94.7965715,
            27.6773959
          ],
          [
            94.7974026,
            27.6775092
          ],
          [
            94.7985733,
            27.6775911
          ],
          [
            94.7995008,
            27.6775781
          ],
          [
            94.8003117,
            27.6776462
          ],
          [
            94.801358,
            27.677992
          ]
        ]
      },
      "properties": {
        "id": "1571923",
        "risk": "Low",
        "status": "Open",
        "type": "road"
      }
    },
    {
      "type": "Feature",
      "geometry": {
        "type": "LineString",
        "coordinates": [
          [
            94.8179278,
            27.6739927
          ],
          [
            94.8178738,
            27.6749454
          ],
          [
            94.817722,
            27.6753891
          ],
          [
            94.8175487,
            27.6757363
          ],
          [
            94.8172022,
            27.6761798
          ],
          [
            94.8167937,
            27.6765918
          ],
          [
            94.8161874,
            27.6771125
          ],
          [
            94.8153429,
            27.677768
          ],
          [
            94.8146501,
            27.6782693
          ],
          [
            94.8141304,
            27.6787513
          ],
          [
            94.8134591,
            27.6793106
          ],
          [
            94.8125588,
            27.6799677
          ],
          [
            94.8120993,
            27.6803067
          ]
        ]
      },
      "properties": {
        "id": "1528702",
        "risk": "Low",
        "status": "Open",
        "type": "road"
      }
    },
    {
      "type": "Feature",
      "geometry": {
        "type": "LineString",
        "coordinates": [
          [
            94.8223408,
            27.6748192
          ],
          [
            94.8219568,
            27.6746787
          ],
          [
            94.8213508,
            27.6745241
          ],
          [
            94.8205782,
            27.674294
          ],
          [
            94.8197127,
            27.6740622
          ],
          [
            94.8191067,
            27.6740426
          ],
          [
            94.8187929,
            27.6740038
          ],
          [
            94.8179278,
            27.6739927
          ]
        ]
      },
      "properties": {
        "id": "1502846",
        "risk": "Low",
        "status": "Open",
        "type": "road"
      }
    },
    {
      "type": "Feature",
      "geometry": {
        "type": "LineString",
        "coordinates": [
          [
            94.8223408,
            27.6748192
          ],
          [
            94.8222369,
            27.6752709
          ],
          [
            94.8220417,
            27.6759461
          ],
          [
            94.8219334,
            27.6762162
          ],
          [
            94.8217385,
            27.6765247
          ]
        ]
      },
      "properties": {
        "id": "1405224",
        "risk": "Low",
        "status": "Open",
        "type": "road"
      }
    },
    {
      "type": "Feature",
      "geometry": {
        "type": "LineString",
        "coordinates": [
          [
            94.8217385,
            27.6765247
          ],
          [
            94.8212444,
            27.6768265
          ],
          [
            94.8207032,
            27.6770192
          ],
          [
            94.8201405,
            27.6772119
          ],
          [
            94.8194261,
            27.6774431
          ],
          [
            94.8190148,
            27.6776358
          ],
          [
            94.8182356,
            27.677867
          ],
          [
            94.8177159,
            27.6782912
          ],
          [
            94.8171098,
            27.6786382
          ],
          [
            94.8164688,
            27.6790955
          ],
          [
            94.8157977,
            27.6793461
          ],
          [
            94.8151267,
            27.6795773
          ],
          [
            94.814434,
            27.6797892
          ],
          [
            94.8139144,
            27.6800204
          ],
          [
            94.8127486,
            27.6802684
          ],
          [
            94.8120993,
            27.6803067
          ]
        ]
      },
      "properties": {
        "id": "1472662",
        "risk": "Low",
        "status": "Open",
        "type": "road"
      }
    },
    {
      "type": "Feature",
      "geometry": {
        "type": "LineString",
        "coordinates": [
          [
            94.8120993,
            27.6803067
          ],
          [
            94.8116135,
            27.680643
          ],
          [
            94.8111372,
            27.6810286
          ],
          [
            94.8106824,
            27.6814143
          ],
          [
            94.8100761,
            27.6819735
          ],
          [
            94.8096227,
            27.6822862
          ]
        ]
      },
      "properties": {
        "id": "1572043",
        "risk": "Low",
        "status": "Open",
        "type": "road"
      }
    },
    {
      "type": "Feature",
      "geometry": {
        "type": "LineString",
        "coordinates": [
          [
            94.8096227,
            27.6822862
          ],
          [
            94.8093311,
            27.6825239
          ],
          [
            94.8085516,
            27.6830251
          ]
        ]
      },
      "properties": {
        "id": "1563559",
        "risk": "Low",
        "status": "Open",
        "type": "road"
      }
    },
    {
      "type": "Feature",
      "geometry": {
        "type": "LineString",
        "coordinates": [
          [
            94.8096227,
            27.6822862
          ],
          [
            94.8108049,
            27.6829581
          ],
          [
            94.8122085,
            27.6837619
          ],
          [
            94.8166726,
            27.6861599
          ],
          [
            94.81874,
            27.6873114
          ],
          [
            94.8229206,
            27.6896099
          ],
          [
            94.8246207,
            27.6905428
          ],
          [
            94.8249172,
            27.6907116
          ],
          [
            94.8258674,
            27.6912555
          ],
          [
            94.8268175,
            27.6917997
          ],
          [
            94.8293767,
            27.6931588
          ],
          [
            94.8304106,
            27.6937052
          ],
          [
            94.8313531,
            27.6943778
          ],
          [
            94.8322958,
            27.6949557
          ],
          [
            94.8333651,
            27.6955787
          ],
          [
            94.835509,
            27.6966352
          ],
          [
            94.8363199,
            27.6971273
          ],
          [
            94.8377277,
            27.6978029
          ],
          [
            94.8379569,
            27.6979129
          ],
          [
            94.8397663,
            27.6986715
          ],
          [
            94.8404708,
            27.6991139
          ],
          [
            94.8410081,
            27.6994118
          ],
          [
            94.8420776,
            27.6998723
          ],
          [
            94.8441051,
            27.7007076
          ],
          [
            94.8458437,
            27.7012494
          ],
          [
            94.8473948,
            27.7018273
          ],
          [
            94.8488546,
            27.7024865
          ],
          [
            94.8500205,
            27.7030146
          ],
          [
            94.8510057,
            27.7034668
          ],
          [
            94.8511559,
            27.7035338
          ],
          [
            94.8520987,
            27.7039445
          ],
          [
            94.852636,
            27.7042244
          ]
        ]
      },
      "properties": {
        "id": "1540386",
        "risk": "Low",
        "status": "Open",
        "type": "road"
      }
    },
    {
      "type": "Feature",
      "geometry": {
        "type": "LineString",
        "coordinates": [
          [
            94.8217385,
            27.6765247
          ],
          [
            94.8224112,
            27.6762841
          ],
          [
            94.8230173,
            27.6760915
          ],
          [
            94.823645,
            27.6759953
          ],
          [
            94.8242726,
            27.6757833
          ],
          [
            94.8246988,
            27.6755028
          ]
        ]
      },
      "properties": {
        "id": "1502848",
        "risk": "Low",
        "status": "Open",
        "type": "road"
      }
    },
    {
      "type": "Feature",
      "geometry": {
        "type": "LineString",
        "coordinates": [
          [
            94.8246988,
            27.6755028
          ],
          [
            94.823558,
            27.6751424
          ],
          [
            94.8223408,
            27.6748192
          ]
        ]
      },
      "properties": {
        "id": "1574111",
        "risk": "Low",
        "status": "Open",
        "type": "road"
      }
    },
    {
      "type": "Feature",
      "geometry": {
        "type": "LineString",
        "coordinates": [
          [
            94.8878154,
            27.6602424
          ],
          [
            94.8878305,
            27.6598183
          ],
          [
            94.8878964,
            27.6594212
          ],
          [
            94.8880686,
            27.6587353
          ],
          [
            94.8881649,
            27.6578014
          ],
          [
            94.8882509,
            27.656732
          ],
          [
            94.888413,
            27.6555227
          ],
          [
            94.8884535,
            27.654733
          ],
          [
            94.888656,
            27.6532485
          ],
          [
            94.8888333,
            27.6524002
          ],
          [
            94.8889193,
            27.6516467
          ],
          [
            94.8888788,
            27.6511729
          ],
          [
            94.888742,
            27.6507985
          ],
          [
            94.8886101,
            27.6505413
          ],
          [
            94.8883669,
            27.6501442
          ],
          [
            94.8881237,
            27.6496885
          ],
          [
            94.8878602,
            27.6491426
          ],
          [
            94.8875713,
            27.6486282
          ],
          [
            94.8875206,
            27.6481048
          ]
        ]
      },
      "properties": {
        "id": "1513535",
        "risk": "Low",
        "status": "Open",
        "type": "road"
      }
    },
    {
      "type": "Feature",
      "geometry": {
        "type": "LineString",
        "coordinates": [
          [
            94.8927779,
            27.6709403
          ],
          [
            94.8931934,
            27.6706741
          ],
          [
            94.8937508,
            27.6702769
          ],
          [
            94.8939028,
            27.6700603
          ],
          [
            94.8938623,
            27.6699024
          ],
          [
            94.893548,
            27.6696633
          ],
          [
            94.8929297,
            27.6692482
          ],
          [
            94.8923519,
            27.6688512
          ],
          [
            94.8919971,
            27.6685354
          ],
          [
            94.8917893,
            27.6682602
          ],
          [
            94.8914648,
            27.6675654
          ],
          [
            94.8909124,
            27.6664283
          ],
          [
            94.8905322,
            27.6658147
          ],
          [
            94.89,
            27.6647093
          ],
          [
            94.8897769,
            27.6641543
          ],
          [
            94.8893816,
            27.6633422
          ],
          [
            94.8887125,
            27.661984
          ],
          [
            94.8882767,
            27.6611628
          ],
          [
            94.8879624,
            27.6606485
          ],
          [
            94.8878154,
            27.6602424
          ]
        ]
      },
      "properties": {
        "id": "1568193",
        "risk": "Low",
        "status": "Open",
        "type": "road"
      }
    },
    {
      "type": "Feature",
      "geometry": {
        "type": "LineString",
        "coordinates": [
          [
            94.8726114,
            27.6983968
          ],
          [
            94.8725892,
            27.6981293
          ],
          [
            94.8724562,
            27.6971998
          ],
          [
            94.8722121,
            27.6963691
          ],
          [
            94.8720819,
            27.6954658
          ],
          [
            94.8718823,
            27.694912
          ],
          [
            94.8716826,
            27.6943977
          ],
          [
            94.8714386,
            27.6938241
          ],
          [
            94.8712167,
            27.6931318
          ],
          [
            94.8709529,
            27.6920689
          ],
          [
            94.8705979,
            27.6912382
          ],
          [
            94.8703539,
            27.6904668
          ],
          [
            94.8700656,
            27.6897943
          ],
          [
            94.8700656,
            27.6891812
          ],
          [
            94.8698916,
            27.6885776
          ],
          [
            94.8696254,
            27.6879051
          ],
          [
            94.869337,
            27.6871931
          ],
          [
            94.8690265,
            27.6864019
          ],
          [
            94.8687382,
            27.6853536
          ],
          [
            94.8685409,
            27.6845143
          ],
          [
            94.8682304,
            27.6834857
          ],
          [
            94.8680752,
            27.6828726
          ],
          [
            94.8680501,
            27.682367
          ],
          [
            94.8680531,
            27.6817847
          ],
          [
            94.8680116,
            27.6810794
          ],
          [
            94.867679,
            27.6799125
          ],
          [
            94.8676347,
            27.6790422
          ],
          [
            94.8675239,
            27.6780928
          ],
          [
            94.8672801,
            27.6763972
          ],
          [
            94.8672138,
            27.6756312
          ],
          [
            94.8672582,
            27.6749785
          ],
          [
            94.8674579,
            27.674405
          ],
          [
            94.8678351,
            27.6737128
          ],
          [
            94.8680978,
            27.6730107
          ],
          [
            94.868364,
            27.6723778
          ],
          [
            94.8683863,
            27.6720218
          ],
          [
            94.8684528,
            27.6714086
          ],
          [
            94.8685638,
            27.6702021
          ],
          [
            94.8686045,
            27.6692449
          ],
          [
            94.868538,
            27.668335
          ],
          [
            94.8686491,
            27.6676231
          ],
          [
            94.8688487,
            27.6667726
          ],
          [
            94.8692008,
            27.6658712
          ],
          [
            94.869578,
            27.665001
          ],
          [
            94.8700439,
            27.6642099
          ],
          [
            94.8705097,
            27.6632803
          ],
          [
            94.8713046,
            27.6620044
          ],
          [
            94.8717261,
            27.6611737
          ],
          [
            94.8721033,
            27.6602442
          ],
          [
            94.8729331,
            27.6591828
          ],
          [
            94.8736429,
            27.6583523
          ],
          [
            94.8738145,
            27.6579588
          ],
          [
            94.8732881,
            27.6575219
          ],
          [
            94.8725783,
            27.6568495
          ],
          [
            94.8721791,
            27.6564145
          ],
          [
            94.8718686,
            27.6556631
          ],
          [
            94.8717364,
            27.6545678
          ],
          [
            94.8717808,
            27.6536979
          ],
          [
            94.8719583,
            27.6526301
          ],
          [
            94.8721801,
            27.651681
          ],
          [
            94.8723476,
            27.6509535
          ],
          [
            94.873243,
            27.6498891
          ],
          [
            94.8755637,
            27.6477169
          ],
          [
            94.8756649,
            27.6475231
          ],
          [
            94.8755722,
            27.6468679
          ],
          [
            94.8757014,
            27.6461257
          ],
          [
            94.8765354,
            27.6465799
          ],
          [
            94.8773106,
            27.6468552
          ],
          [
            94.8779085,
            27.6472116
          ],
          [
            94.8786634,
            27.6474869
          ],
          [
            94.8793728,
            27.6477847
          ],
          [
            94.880371,
            27.6481005
          ],
          [
            94.881126,
            27.6483577
          ],
          [
            94.8817239,
            27.6484975
          ],
          [
            94.8823168,
            27.6486059
          ],
          [
            94.8831122,
            27.6486465
          ],
          [
            94.8838672,
            27.6486644
          ],
          [
            94.8843537,
            27.6485065
          ],
          [
            94.8854229,
            27.6482312
          ],
          [
            94.8866845,
            27.6479334
          ],
          [
            94.8871506,
            27.6478746
          ],
          [
            94.887328,
            27.6478747
          ],
          [
            94.8874394,
            27.6479153
          ],
          [
            94.8875206,
            27.6481048
          ]
        ]
      },
      "properties": {
        "id": "1573449",
        "risk": "Low",
        "status": "Open",
        "type": "road"
      }
    },
    {
      "type": "Feature",
      "geometry": {
        "type": "LineString",
        "coordinates": [
          [
            94.8776221,
            27.6885603
          ],
          [
            94.8779566,
            27.6880468
          ],
          [
            94.8785097,
            27.686887
          ],
          [
            94.8789534,
            27.6859178
          ],
          [
            94.8792418,
            27.6852651
          ],
          [
            94.8797522,
            27.6841773
          ],
          [
            94.880393,
            27.6829426
          ],
          [
            94.8808589,
            27.681835
          ],
          [
            94.8814357,
            27.6809647
          ],
          [
            94.8819016,
            27.6802725
          ],
          [
            94.8820544,
            27.6799713
          ],
          [
            94.8820544,
            27.6794372
          ],
          [
            94.8821431,
            27.6779143
          ],
          [
            94.8823206,
            27.6769451
          ],
          [
            94.8825423,
            27.6757583
          ],
          [
            94.8826533,
            27.6747892
          ],
          [
            94.8830945,
            27.6729851
          ],
          [
            94.8833384,
            27.6715215
          ],
          [
            94.8835408,
            27.6709007
          ],
          [
            94.8837154,
            27.6700578
          ],
          [
            94.8838486,
            27.6688069
          ],
          [
            94.8837597,
            27.6676202
          ],
          [
            94.8837819,
            27.6668093
          ],
          [
            94.8837819,
            27.6661764
          ],
          [
            94.8838484,
            27.6656424
          ],
          [
            94.8839593,
            27.6652863
          ],
          [
            94.8844028,
            27.6647523
          ],
          [
            94.884806,
            27.6639989
          ],
          [
            94.8854895,
            27.6633383
          ],
          [
            94.8861993,
            27.6624088
          ],
          [
            94.8865763,
            27.6617956
          ],
          [
            94.887153,
            27.6610242
          ],
          [
            94.8878154,
            27.6602424
          ]
        ]
      },
      "properties": {
        "id": "1509414",
        "risk": "Low",
        "status": "Open",
        "type": "road"
      }
    },
    {
      "type": "Feature",
      "geometry": {
        "type": "LineString",
        "coordinates": [
          [
            94.8887399,
            27.6842289
          ],
          [
            94.8888056,
            27.6835791
          ],
          [
            94.8888968,
            27.6827128
          ],
          [
            94.888917,
            27.6819412
          ],
          [
            94.888917,
            27.6810523
          ],
          [
            94.8890031,
            27.6804567
          ],
          [
            94.8892108,
            27.6798385
          ],
          [
            94.8893881,
            27.6791481
          ],
          [
            94.8896314,
            27.6784352
          ],
          [
            94.890138,
            27.6771854
          ],
          [
            94.890361,
            27.6763912
          ],
          [
            94.8904927,
            27.6757775
          ],
          [
            94.8906295,
            27.6750059
          ],
          [
            94.8907359,
            27.6744735
          ],
          [
            94.8908928,
            27.6735034
          ],
          [
            94.8911766,
            27.6727137
          ],
          [
            94.8914907,
            27.6720504
          ],
          [
            94.8917542,
            27.6716714
          ],
          [
            94.8921343,
            27.6713374
          ],
          [
            94.8927779,
            27.6709403
          ]
        ]
      },
      "properties": {
        "id": "1578599",
        "risk": "Low",
        "status": "Open",
        "type": "road"
      }
    },
    {
      "type": "Feature",
      "geometry": {
        "type": "LineString",
        "coordinates": [
          [
            94.8856489,
            27.6990288
          ],
          [
            94.8860999,
            27.6976886
          ],
          [
            94.8862368,
            27.6971743
          ],
          [
            94.8863685,
            27.6966013
          ],
          [
            94.8866371,
            27.6957123
          ],
          [
            94.8869158,
            27.6947377
          ],
          [
            94.8871237,
            27.6940022
          ],
          [
            94.8872756,
            27.6931133
          ],
          [
            94.8874125,
            27.6922019
          ],
          [
            94.8875898,
            27.6909565
          ],
          [
            94.8877873,
            27.689445
          ],
          [
            94.8878329,
            27.6886508
          ],
          [
            94.8879088,
            27.68778
          ],
          [
            94.8880507,
            27.687031
          ],
          [
            94.8881622,
            27.6862459
          ],
          [
            94.888228,
            27.6856954
          ],
          [
            94.8883851,
            27.6851403
          ],
          [
            94.8887399,
            27.6842289
          ]
        ]
      },
      "properties": {
        "id": "1576601",
        "risk": "Low",
        "status": "Open",
        "type": "road"
      }
    },
    {
      "type": "Feature",
      "geometry": {
        "type": "LineString",
        "coordinates": [
          [
            94.8802383,
            27.6974004
          ],
          [
            94.8808282,
            27.6976955
          ],
          [
            94.8819823,
            27.6980317
          ],
          [
            94.8831808,
            27.6983482
          ],
          [
            94.8842684,
            27.698625
          ],
          [
            94.8856489,
            27.6990288
          ]
        ]
      },
      "properties": {
        "id": "1534478",
        "risk": "Low",
        "status": "Open",
        "type": "road"
      }
    },
    {
      "type": "Feature",
      "geometry": {
        "type": "LineString",
        "coordinates": [
          [
            94.8802383,
            27.6974004
          ],
          [
            94.8811893,
            27.6962251
          ],
          [
            94.8821211,
            27.695078
          ],
          [
            94.8825204,
            27.6943461
          ],
          [
            94.8829642,
            27.6934956
          ],
          [
            94.8832082,
            27.6929023
          ],
          [
            94.8833857,
            27.6922495
          ],
          [
            94.8835629,
            27.6911785
          ],
          [
            94.8836517,
            27.690328
          ],
          [
            94.8836961,
            27.6899917
          ],
          [
            94.8836738,
            27.6896753
          ],
          [
            94.8833189,
            27.6896556
          ],
          [
            94.8825645,
            27.6895962
          ],
          [
            94.8814773,
            27.6894183
          ],
          [
            94.8805898,
            27.6892402
          ],
          [
            94.8791699,
            27.6889238
          ],
          [
            94.878349,
            27.6887063
          ],
          [
            94.8776221,
            27.6885603
          ]
        ]
      },
      "properties": {
        "id": "1582050",
        "risk": "Low",
        "status": "Open",
        "type": "road"
      }
    },
    {
      "type": "Feature",
      "geometry": {
        "type": "LineString",
        "coordinates": [
          [
            94.8726114,
            27.6983968
          ],
          [
            94.8730091,
            27.6975813
          ],
          [
            94.8736306,
            27.6963946
          ],
          [
            94.8740965,
            27.6955045
          ],
          [
            94.8747176,
            27.6943867
          ],
          [
            94.875228,
            27.6933383
          ],
          [
            94.875583,
            27.6925077
          ],
          [
            94.8765587,
            27.6904994
          ],
          [
            94.8769803,
            27.6894314
          ],
          [
            94.8776221,
            27.6885603
          ]
        ]
      },
      "properties": {
        "id": "1579246",
        "risk": "Low",
        "status": "Open",
        "type": "road"
      }
    },
    {
      "type": "Feature",
      "geometry": {
        "type": "LineString",
        "coordinates": [
          [
            94.852636,
            27.7042244
          ],
          [
            94.8530968,
            27.7033404
          ],
          [
            94.8535081,
            27.7026657
          ],
          [
            94.8538546,
            27.701991
          ],
          [
            94.8540494,
            27.7015282
          ],
          [
            94.8540928,
            27.7012197
          ],
          [
            94.8541145,
            27.7008727
          ],
          [
            94.8540009,
            27.700173
          ],
          [
            94.8538064,
            27.6990739
          ],
          [
            94.8537848,
            27.6985726
          ],
          [
            94.8538065,
            27.698264
          ],
          [
            94.8538499,
            27.6976663
          ],
          [
            94.8539366,
            27.6971073
          ],
          [
            94.8540017,
            27.6965673
          ],
          [
            94.8540235,
            27.695854
          ],
          [
            94.8538506,
            27.6951984
          ],
          [
            94.8536808,
            27.6943586
          ],
          [
            94.8536809,
            27.6937801
          ],
          [
            94.8536811,
            27.6932596
          ],
          [
            94.8537677,
            27.6928739
          ],
          [
            94.8540491,
            27.6923534
          ],
          [
            94.854309,
            27.6918329
          ],
          [
            94.8551087,
            27.6905342
          ],
          [
            94.8556931,
            27.6896281
          ],
          [
            94.8559962,
            27.6891076
          ],
          [
            94.8561045,
            27.6886449
          ],
          [
            94.8561256,
            27.6877874
          ],
          [
            94.8561907,
            27.6866306
          ],
          [
            94.8561909,
            27.685975
          ],
          [
            94.8561261,
            27.6854158
          ],
          [
            94.856018,
            27.6848181
          ],
          [
            94.8558474,
            27.6840377
          ],
          [
            94.8554148,
            27.683035
          ],
          [
            94.8552636,
            27.6821674
          ],
          [
            94.855069,
            27.6813575
          ],
          [
            94.8547686,
            27.6797302
          ],
          [
            94.8545306,
            27.6791709
          ],
          [
            94.8543576,
            27.6789203
          ],
          [
            94.8540331,
            27.678766
          ],
          [
            94.8532138,
            27.6786649
          ],
          [
            94.852348,
            27.6786262
          ],
          [
            94.8514174,
            27.6786645
          ],
          [
            94.8502457,
            27.6787305
          ],
          [
            94.8492809,
            27.6787785
          ],
          [
            94.8485451,
            27.6789905
          ],
          [
            94.8479607,
            27.679029
          ],
          [
            94.8471816,
            27.6790288
          ],
          [
            94.846489,
            27.6790865
          ],
          [
            94.8454961,
            27.6791056
          ],
          [
            94.8446088,
            27.6791054
          ],
          [
            94.843808,
            27.6791052
          ],
          [
            94.8428991,
            27.6791049
          ],
          [
            94.8416488,
            27.6791079
          ],
          [
            94.8404151,
            27.6791654
          ],
          [
            94.8396576,
            27.6791844
          ],
          [
            94.8394304,
            27.6791844
          ],
          [
            94.8392031,
            27.6791843
          ],
          [
            94.8388785,
            27.6791264
          ],
          [
            94.8380129,
            27.6787982
          ],
          [
            94.8372123,
            27.6784892
          ],
          [
            94.8357676,
            27.6779748
          ],
          [
            94.8348155,
            27.6775307
          ],
          [
            94.8344909,
            27.6774728
          ],
          [
            94.8341663,
            27.6774148
          ],
          [
            94.8334954,
            27.6772795
          ],
          [
            94.8329543,
            27.6772407
          ],
          [
            94.8321537,
            27.6771054
          ],
          [
            94.8314892,
            27.6770477
          ],
          [
            94.8306886,
            27.6769509
          ],
          [
            94.8300609,
            27.6768928
          ],
          [
            94.8293035,
            27.6767575
          ],
          [
            94.8290222,
            27.6767188
          ],
          [
            94.8281133,
            27.6765448
          ],
          [
            94.8274857,
            27.6764288
          ],
          [
            94.8264515,
            27.6761595
          ],
          [
            94.8256508,
            27.6759662
          ],
          [
            94.8251098,
            27.6757537
          ],
          [
            94.8246988,
            27.6755028
          ]
        ]
      },
      "properties": {
        "id": "1510663",
        "risk": "Low",
        "status": "Open",
        "type": "road"
      }
    },
    {
      "type": "Feature",
      "geometry": {
        "type": "LineString",
        "coordinates": [
          [
            94.852636,
            27.7042244
          ],
          [
            94.853001,
            27.7045222
          ],
          [
            94.8536498,
            27.7050503
          ],
          [
            94.8545232,
            27.7054897
          ],
          [
            94.8558178,
            27.7060846
          ],
          [
            94.8583483,
            27.7070683
          ],
          [
            94.8611959,
            27.7082876
          ],
          [
            94.8624547,
            27.7088286
          ],
          [
            94.8628139,
            27.7089798
          ],
          [
            94.8634955,
            27.7092901
          ],
          [
            94.864862,
            27.7099089
          ],
          [
            94.8668376,
            27.7108116
          ],
          [
            94.8685189,
            27.7113428
          ],
          [
            94.8693027,
            27.711567
          ],
          [
            94.8696909,
            27.711567
          ],
          [
            94.8701715,
            27.7116329
          ],
          [
            94.8708369,
            27.7118964
          ],
          [
            94.8724575,
            27.7125017
          ],
          [
            94.8736314,
            27.7131591
          ]
        ]
      },
      "properties": {
        "id": "1582290",
        "risk": "Low",
        "status": "Open",
        "type": "road"
      }
    },
    {
      "type": "Feature",
      "geometry": {
        "type": "LineString",
        "coordinates": [
          [
            94.8736314,
            27.7131591
          ],
          [
            94.87392,
            27.7117943
          ],
          [
            94.8742085,
            27.710845
          ],
          [
            94.8746081,
            27.7094407
          ],
          [
            94.874758,
            27.7088016
          ]
        ]
      },
      "properties": {
        "id": "1535930",
        "risk": "Low",
        "status": "Open",
        "type": "road"
      }
    },
    {
      "type": "Feature",
      "geometry": {
        "type": "LineString",
        "coordinates": [
          [
            94.874758,
            27.7088016
          ],
          [
            94.8750076,
            27.7078782
          ],
          [
            94.8752288,
            27.7066682
          ],
          [
            94.8754952,
            27.7056001
          ],
          [
            94.8757614,
            27.704631
          ],
          [
            94.8760277,
            27.7040574
          ],
          [
            94.8762767,
            27.7035574
          ],
          [
            94.8767156,
            27.7026334
          ],
          [
            94.8771151,
            27.7019015
          ],
          [
            94.8778197,
            27.7010198
          ],
          [
            94.8783289,
            27.7002471
          ],
          [
            94.8788182,
            27.699398
          ],
          [
            94.8795727,
            27.6983893
          ],
          [
            94.8802383,
            27.6974004
          ]
        ]
      },
      "properties": {
        "id": "1575507",
        "risk": "Low",
        "status": "Open",
        "type": "road"
      }
    },
    {
      "type": "Feature",
      "geometry": {
        "type": "LineString",
        "coordinates": [
          [
            94.874758,
            27.7088016
          ],
          [
            94.8744252,
            27.7081489
          ],
          [
            94.8742255,
            27.7073972
          ],
          [
            94.8740703,
            27.706705
          ],
          [
            94.8738705,
            27.7060325
          ],
          [
            94.8737597,
            27.7054194
          ],
          [
            94.8736044,
            27.7049447
          ],
          [
            94.873449,
            27.7043909
          ],
          [
            94.8733186,
            27.7033523
          ],
          [
            94.8731411,
            27.7024227
          ],
          [
            94.8730303,
            27.7015525
          ],
          [
            94.8729416,
            27.7009393
          ],
          [
            94.8728306,
            27.7001878
          ],
          [
            94.8727025,
            27.6994692
          ],
          [
            94.8726558,
            27.6991879
          ],
          [
            94.8726114,
            27.6983968
          ]
        ]
      },
      "properties": {
        "id": "1537005",
        "risk": "Low",
        "status": "Open",
        "type": "road"
      }
    },
    {
      "type": "Feature",
      "geometry": {
        "type": "LineString",
        "coordinates": [
          [
            94.8818067,
            27.7171406
          ],
          [
            94.8820298,
            27.7157779
          ],
          [
            94.8821818,
            27.7147266
          ],
          [
            94.8823846,
            27.7135399
          ],
          [
            94.8825823,
            27.7124931
          ],
          [
            94.8827344,
            27.7113199
          ],
          [
            94.8829118,
            27.7102325
          ],
          [
            94.8830233,
            27.7094022
          ],
          [
            94.8831602,
            27.7085539
          ],
          [
            94.8832666,
            27.7079177
          ],
          [
            94.883444,
            27.7072094
          ],
          [
            94.8837735,
            27.7062302
          ],
          [
            94.883885,
            27.7057158
          ],
          [
            94.8841284,
            27.7049442
          ],
          [
            94.8844426,
            27.7037756
          ],
          [
            94.8845744,
            27.7030626
          ],
          [
            94.8849241,
            27.7018309
          ],
          [
            94.8853042,
            27.7005855
          ],
          [
            94.8856489,
            27.6990288
          ]
        ]
      },
      "properties": {
        "id": "1519354",
        "risk": "Low",
        "status": "Open",
        "type": "road"
      }
    },
    {
      "type": "Feature",
      "geometry": {
        "type": "LineString",
        "coordinates": [
          [
            94.8818067,
            27.7171406
          ],
          [
            94.8827378,
            27.717624
          ],
          [
            94.8848301,
            27.7188276
          ],
          [
            94.8868564,
            27.7198553
          ],
          [
            94.8903958,
            27.7215613
          ]
        ]
      },
      "properties": {
        "id": "1573425",
        "risk": "Low",
        "status": "Open",
        "type": "road"
      }
    },
    {
      "type": "Feature",
      "geometry": {
        "type": "LineString",
        "coordinates": [
          [
            94.8736314,
            27.7131591
          ],
          [
            94.8740471,
            27.7133743
          ],
          [
            94.875304,
            27.7140001
          ],
          [
            94.879802,
            27.7162263
          ],
          [
            94.8818067,
            27.7171406
          ]
        ]
      },
      "properties": {
        "id": "1581591",
        "risk": "Low",
        "status": "Open",
        "type": "road"
      }
    }
  ]
}